-- phpMyAdmin SQL Dump
-- version 5.2.0
-- https://www.phpmyadmin.net/
--
-- Hôte : 127.0.0.1
-- Généré le : dim. 23 fév. 2025 à 12:51
-- Version du serveur : 10.4.24-MariaDB
-- Version de PHP : 7.4.29

SET SQL_MODE = "NO_AUTO_VALUE_ON_ZERO";
START TRANSACTION;
SET time_zone = "+00:00";


/*!40101 SET @OLD_CHARACTER_SET_CLIENT=@@CHARACTER_SET_CLIENT */;
/*!40101 SET @OLD_CHARACTER_SET_RESULTS=@@CHARACTER_SET_RESULTS */;
/*!40101 SET @OLD_COLLATION_CONNECTION=@@COLLATION_CONNECTION */;
/*!40101 SET NAMES utf8mb4 */;

--
-- Base de données : `ecole`
--

-- --------------------------------------------------------

--
-- Structure de la table `anne_scollaires`
--

CREATE TABLE `anne_scollaires` (
  `id` bigint(20) UNSIGNED NOT NULL,
  `designation` varchar(250) COLLATE utf8mb4_unicode_ci DEFAULT NULL,
  `statut` int(11) NOT NULL DEFAULT 0,
  `created_at` timestamp NULL DEFAULT NULL,
  `updated_at` timestamp NULL DEFAULT NULL
) ENGINE=InnoDB DEFAULT CHARSET=utf8mb4 COLLATE=utf8mb4_unicode_ci;

--
-- Déchargement des données de la table `anne_scollaires`
--

INSERT INTO `anne_scollaires` (`id`, `designation`, `statut`, `created_at`, `updated_at`) VALUES
(1, '2021-2022', 0, '2024-06-19 11:28:25', '2024-06-19 12:09:14'),
(2, '2022-2023', 0, '2024-06-19 11:32:10', '2024-08-28 18:18:23'),
(3, '2023-2024', 1, '2024-06-19 11:48:42', '2024-08-28 18:18:27');

-- --------------------------------------------------------

--
-- Structure de la table `attribution_cours`
--

CREATE TABLE `attribution_cours` (
  `id` bigint(20) UNSIGNED NOT NULL,
  `idCours` bigint(20) UNSIGNED NOT NULL,
  `idEnseignant` bigint(20) UNSIGNED NOT NULL,
  `idPeriode` bigint(20) UNSIGNED NOT NULL,
  `idAnne` bigint(20) UNSIGNED NOT NULL,
  `idOption` bigint(20) UNSIGNED NOT NULL,
  `idClasse` bigint(20) UNSIGNED NOT NULL,
  `maximale` double NOT NULL,
  `codeAt` varchar(250) COLLATE utf8mb4_unicode_ci DEFAULT NULL,
  `created_at` timestamp NULL DEFAULT NULL,
  `updated_at` timestamp NULL DEFAULT NULL
) ENGINE=InnoDB DEFAULT CHARSET=utf8mb4 COLLATE=utf8mb4_unicode_ci;

--
-- Déchargement des données de la table `attribution_cours`
--

INSERT INTO `attribution_cours` (`id`, `idCours`, `idEnseignant`, `idPeriode`, `idAnne`, `idOption`, `idClasse`, `maximale`, `codeAt`, `created_at`, `updated_at`) VALUES
(1, 12, 1, 1, 3, 1, 1, 40, '10-15572993', '2024-10-23 11:18:22', '2024-10-23 11:18:22'),
(2, 14, 1, 1, 3, 1, 1, 10, '10-889434', '2024-10-23 11:29:17', '2024-10-23 11:29:17'),
(3, 13, 1, 1, 3, 1, 1, 20, '10-23443943', '2024-10-23 11:29:27', '2024-10-23 11:29:27'),
(4, 15, 1, 1, 3, 1, 1, 10, '10-12702986', '2024-10-23 11:29:48', '2024-10-23 11:29:48'),
(5, 16, 1, 1, 3, 1, 1, 10, '10-21193609', '2024-10-23 11:30:54', '2024-10-23 11:30:54'),
(6, 17, 1, 1, 3, 1, 1, 10, '10-69493409', '2024-10-23 11:30:58', '2024-10-23 11:30:58'),
(7, 18, 1, 1, 3, 1, 1, 20, '10-73601510', '2024-10-23 11:31:03', '2024-10-23 11:31:03'),
(8, 19, 1, 1, 3, 1, 1, 10, '10-14397453', '2024-10-23 11:31:32', '2024-10-23 11:31:32'),
(9, 20, 1, 1, 3, 1, 1, 10, '10-7529686', '2024-10-23 11:31:36', '2024-10-23 11:31:36'),
(10, 21, 1, 1, 3, 1, 1, 10, '10-12885147', '2024-10-23 11:31:40', '2024-10-23 11:31:40'),
(11, 22, 1, 1, 3, 1, 1, 30, '10-67164177', '2024-10-23 11:32:01', '2024-10-23 11:32:01'),
(12, 23, 1, 1, 3, 1, 1, 50, '10-70245879', '2024-10-23 11:32:06', '2024-10-23 11:32:06'),
(13, 24, 1, 1, 3, 1, 1, 20, '10-57880597', '2024-10-23 11:32:42', '2024-10-23 11:32:42'),
(14, 25, 1, 1, 3, 1, 1, 20, '10-99843615', '2024-10-23 11:32:46', '2024-10-23 11:32:46'),
(15, 26, 1, 1, 3, 1, 1, 30, '10-65992624', '2024-10-23 11:33:19', '2024-10-23 11:33:19'),
(16, 27, 1, 1, 3, 1, 1, 20, '10-75918136', '2024-10-23 11:33:24', '2024-10-23 11:33:24'),
(17, 28, 3, 1, 3, 1, 1, 20, '10-30244686', '2024-10-23 11:34:08', '2024-10-23 11:34:08'),
(18, 29, 3, 1, 3, 1, 1, 20, '10-13261855', '2024-10-23 11:34:11', '2024-10-23 11:34:11'),
(19, 30, 3, 1, 3, 1, 1, 20, '10-31734367', '2024-10-23 11:34:32', '2024-10-23 11:39:42'),
(21, 12, 1, 2, 3, 1, 1, 40, '10-15572993', '2024-10-23 09:18:22', '2024-10-23 09:18:22'),
(22, 14, 1, 2, 3, 1, 1, 10, '10-889434', '2024-10-23 09:29:17', '2024-10-23 09:29:17'),
(23, 13, 1, 2, 3, 1, 1, 20, '10-23443943', '2024-10-23 09:29:27', '2024-10-23 09:29:27'),
(24, 15, 1, 2, 3, 1, 1, 10, '10-12702986', '2024-10-23 09:29:48', '2024-10-23 09:29:48'),
(25, 16, 1, 2, 3, 1, 1, 10, '10-21193609', '2024-10-23 09:30:54', '2024-10-23 09:30:54'),
(26, 17, 1, 2, 3, 1, 1, 10, '10-69493409', '2024-10-23 09:30:58', '2024-10-23 09:30:58'),
(27, 18, 1, 2, 3, 1, 1, 20, '10-73601510', '2024-10-23 09:31:03', '2024-10-23 09:31:03'),
(28, 19, 1, 2, 3, 1, 1, 10, '10-14397453', '2024-10-23 09:31:32', '2024-10-23 09:31:32'),
(29, 20, 1, 2, 3, 1, 1, 10, '10-7529686', '2024-10-23 09:31:36', '2024-10-23 09:31:36'),
(30, 21, 1, 2, 3, 1, 1, 10, '10-12885147', '2024-10-23 09:31:40', '2024-10-23 09:31:40'),
(31, 22, 1, 2, 3, 1, 1, 30, '10-67164177', '2024-10-23 09:32:01', '2024-10-23 09:32:01'),
(32, 23, 1, 2, 3, 1, 1, 60, '10-70245879', '2024-10-23 09:32:06', '2024-10-23 14:34:04'),
(33, 24, 1, 2, 3, 1, 1, 20, '10-57880597', '2024-10-23 09:32:42', '2024-10-23 09:32:42'),
(34, 25, 1, 2, 3, 1, 1, 20, '10-99843615', '2024-10-23 09:32:46', '2024-10-23 09:32:46'),
(35, 26, 1, 2, 3, 1, 1, 30, '10-65992624', '2024-10-23 09:33:19', '2024-10-23 09:33:19'),
(36, 27, 1, 2, 3, 1, 1, 20, '10-75918136', '2024-10-23 09:33:24', '2024-10-23 09:33:24'),
(37, 28, 3, 2, 3, 1, 1, 20, '10-30244686', '2024-10-23 09:34:08', '2024-10-23 09:34:08'),
(38, 29, 3, 2, 3, 1, 1, 20, '10-13261855', '2024-10-23 09:34:11', '2024-10-23 09:34:11'),
(39, 30, 3, 2, 3, 1, 1, 20, '10-31734367', '2024-10-23 09:34:32', '2024-10-23 09:39:42'),
(40, 31, 3, 1, 3, 1, 2, 20, '10-69233557', '2024-10-23 13:34:00', '2024-10-23 13:34:00');

-- --------------------------------------------------------

--
-- Structure de la table `avenues`
--

CREATE TABLE `avenues` (
  `id` bigint(20) UNSIGNED NOT NULL,
  `idQuartier` int(11) NOT NULL,
  `nomAvenue` varchar(250) COLLATE utf8mb4_unicode_ci NOT NULL,
  `created_at` timestamp NULL DEFAULT NULL,
  `updated_at` timestamp NULL DEFAULT NULL
) ENGINE=InnoDB DEFAULT CHARSET=utf8mb4 COLLATE=utf8mb4_unicode_ci;

--
-- Déchargement des données de la table `avenues`
--

INSERT INTO `avenues` (`id`, `idQuartier`, `nomAvenue`, `created_at`, `updated_at`) VALUES
(1, 2, 'Tmk', '2023-09-04 11:30:39', '2023-09-04 11:30:39'),
(2, 2, 'Mushunganya', '2023-09-04 11:31:11', '2023-09-04 11:31:11'),
(3, 1, 'autres', '2023-09-04 11:34:01', '2023-09-04 11:34:01'),
(4, 8, 'De la frontière', '2024-01-13 02:10:39', '2024-01-13 02:10:39'),
(5, 7, 'Bougainvillier', '2024-01-13 02:12:39', '2024-01-13 02:12:39'),
(6, 26, 'Autre', '2024-01-15 07:25:53', '2024-01-15 07:25:53'),
(7, 24, 'Autre', '2024-01-15 07:26:11', '2024-01-15 07:26:11'),
(8, 23, 'Autre', '2024-01-15 07:26:35', '2024-01-15 07:26:35'),
(9, 17, 'Autre', '2024-01-15 07:26:57', '2024-01-15 07:26:57'),
(10, 15, 'Autre', '2024-01-15 07:27:21', '2024-01-15 07:27:21'),
(11, 14, 'Autre', '2024-01-15 07:27:42', '2024-06-11 17:57:03'),
(12, 9, 'autre', '2024-01-15 07:28:09', '2024-01-15 07:28:09'),
(13, 8, 'Autre', '2024-01-15 07:28:52', '2024-01-15 07:28:52'),
(14, 7, 'Autre', '2024-01-15 07:29:22', '2024-01-15 07:29:22'),
(15, 5, 'Autre', '2024-01-15 07:29:41', '2024-01-15 07:29:41'),
(16, 20, 'autre', '2024-01-15 07:30:07', '2024-01-15 07:30:07'),
(17, 19, 'Autre', '2024-01-15 07:30:38', '2024-01-15 07:30:38'),
(18, 18, 'Autre', '2024-01-15 07:31:34', '2024-01-15 07:31:34'),
(19, 20, 'Autre', '2024-01-15 07:32:06', '2024-01-15 07:32:06'),
(20, 19, 'Autre', '2024-01-15 07:32:29', '2024-01-15 07:32:29'),
(21, 18, 'Autre', '2024-01-15 07:33:07', '2024-01-15 07:33:07'),
(22, 16, 'Autre', '2024-01-15 07:35:24', '2024-01-15 07:35:24'),
(23, 13, 'Autre', '2024-01-15 07:36:09', '2024-01-15 07:36:09'),
(24, 12, 'Autre', '2024-01-15 07:36:55', '2024-01-15 07:36:55'),
(25, 10, 'Autre', '2024-01-15 07:37:48', '2024-01-15 07:37:48'),
(26, 4, 'Autre', '2024-01-15 07:38:09', '2024-01-15 07:38:09'),
(27, 3, 'autre', '2024-01-15 07:38:36', '2024-01-15 07:38:36'),
(28, 2, 'Autre', '2024-01-15 07:39:06', '2024-01-15 07:39:06'),
(29, 28, 'Autre', '2024-04-05 04:04:50', '2024-04-05 04:04:50'),
(30, 27, 'Autre', '2024-04-05 04:05:14', '2024-04-05 04:05:14'),
(31, 2, 'Autre', '2024-04-06 04:01:24', '2024-04-06 04:01:24'),
(32, 3, 'Autre', '2024-04-06 04:01:44', '2024-04-06 04:01:44'),
(33, 4, 'Autre', '2024-04-06 04:01:59', '2024-04-06 04:01:59'),
(34, 10, 'Autre', '2024-04-06 04:02:15', '2024-04-06 04:02:15'),
(35, 11, 'Autre', '2024-04-06 04:02:29', '2024-04-06 04:02:29'),
(36, 25, 'Autre', '2024-04-06 04:05:36', '2024-04-06 04:05:36'),
(37, 12, 'Autre', '2024-04-06 04:06:01', '2024-04-06 04:06:01'),
(38, 13, 'Autre', '2024-04-06 04:07:14', '2024-04-06 04:07:14'),
(39, 16, 'Autre', '2024-04-06 04:07:57', '2024-04-06 04:07:57'),
(40, 18, 'Autre', '2024-04-06 04:08:12', '2024-04-06 04:08:12'),
(41, 19, 'Autre', '2024-04-06 04:08:26', '2024-06-11 17:52:51'),
(42, 2, 'Mulinga', '2024-06-20 15:32:00', '2024-06-20 15:32:00'),
(43, 2, 'mulinga', '2024-10-22 13:45:11', '2024-10-22 13:45:11');

-- --------------------------------------------------------

--
-- Structure de la table `cat_cours`
--

CREATE TABLE `cat_cours` (
  `id` bigint(20) UNSIGNED NOT NULL,
  `nomCatCours` varchar(250) COLLATE utf8mb4_unicode_ci NOT NULL,
  `created_at` timestamp NULL DEFAULT NULL,
  `updated_at` timestamp NULL DEFAULT NULL
) ENGINE=InnoDB DEFAULT CHARSET=utf8mb4 COLLATE=utf8mb4_unicode_ci;

--
-- Déchargement des données de la table `cat_cours`
--

INSERT INTO `cat_cours` (`id`, `nomCatCours`, `created_at`, `updated_at`) VALUES
(1, 'Sous domaine de sciences physique, technologie et tic', '2024-10-22 12:19:36', '2024-10-23 10:01:06'),
(2, 'Sous domaine de sciences de la vie et de la terre', '2024-10-22 12:19:59', '2024-10-23 09:59:50'),
(3, 'Sous domaine des mathématiques', '2024-10-22 12:20:09', '2024-10-23 09:59:00'),
(5, 'Domaine des langues', '2024-10-23 10:01:23', '2024-10-23 10:04:56'),
(6, 'Domaine de l\'univers social et de l\'environnement', '2024-10-23 10:05:21', '2024-10-23 10:05:21'),
(7, 'Domaine des arts', '2024-10-23 10:06:54', '2024-10-23 10:06:54'),
(8, 'Domaine du développement personnel', '2024-10-23 10:07:26', '2024-10-23 10:07:26');

-- --------------------------------------------------------

--
-- Structure de la table `classes`
--

CREATE TABLE `classes` (
  `id` bigint(20) UNSIGNED NOT NULL,
  `nomClasse` varchar(250) COLLATE utf8mb4_unicode_ci NOT NULL,
  `created_at` timestamp NULL DEFAULT NULL,
  `updated_at` timestamp NULL DEFAULT NULL
) ENGINE=InnoDB DEFAULT CHARSET=utf8mb4 COLLATE=utf8mb4_unicode_ci;

--
-- Déchargement des données de la table `classes`
--

INSERT INTO `classes` (`id`, `nomClasse`, `created_at`, `updated_at`) VALUES
(1, '1ere Année', '2024-06-19 12:16:07', '2024-06-19 12:16:07'),
(2, '2ième Année', '2024-06-19 12:16:32', '2024-06-19 12:16:32'),
(3, '3ième Année', '2024-06-19 12:16:43', '2024-06-19 12:16:43'),
(4, '4ième Année', '2024-06-19 12:16:50', '2024-06-19 12:16:50'),
(6, '5ième Année', '2024-08-24 06:00:54', '2024-08-24 06:00:54'),
(7, '6ième Année', '2024-08-24 06:01:25', '2024-08-24 06:01:25'),
(8, '7ième Année', '2024-08-24 06:01:38', '2024-08-24 06:01:38'),
(9, '8ième Année', '2024-08-24 06:01:53', '2024-08-24 06:01:53');

-- --------------------------------------------------------

--
-- Structure de la table `clautures`
--

CREATE TABLE `clautures` (
  `id` bigint(20) UNSIGNED NOT NULL,
  `idAnne` bigint(20) UNSIGNED DEFAULT NULL,
  `idOption` bigint(20) UNSIGNED DEFAULT NULL,
  `idSection` bigint(20) UNSIGNED DEFAULT NULL,
  `idClasse` bigint(20) UNSIGNED DEFAULT NULL,
  `refMois` int(11) DEFAULT NULL,
  `mois` varchar(250) COLLATE utf8mb4_unicode_ci DEFAULT NULL,
  `effectifClasse` int(11) NOT NULL DEFAULT 0,
  `effectifAbandon` int(11) NOT NULL DEFAULT 0,
  `effectifTotal` int(11) NOT NULL DEFAULT 0,
  `created_at` timestamp NULL DEFAULT NULL,
  `updated_at` timestamp NULL DEFAULT NULL
) ENGINE=InnoDB DEFAULT CHARSET=utf8mb4 COLLATE=utf8mb4_unicode_ci;

--
-- Déchargement des données de la table `clautures`
--

INSERT INTO `clautures` (`id`, `idAnne`, `idOption`, `idSection`, `idClasse`, `refMois`, `mois`, `effectifClasse`, `effectifAbandon`, `effectifTotal`, `created_at`, `updated_at`) VALUES
(2, 3, 1, 1, 1, 9, NULL, 8, 1, 7, '2024-08-17 17:08:42', '2024-08-17 17:12:18'),
(3, 3, 2, 2, 1, 9, NULL, 2, 1, 1, '2024-08-17 17:18:03', '2024-08-17 17:18:03'),
(4, 3, 1, 1, 1, 10, NULL, 8, 0, 8, '2024-08-17 17:24:15', '2024-08-17 17:24:15'),
(5, 3, 1, 1, 1, 11, NULL, 8, 0, 8, '2024-08-17 17:24:50', '2024-08-17 17:24:50'),
(6, 3, 1, 1, 1, 12, NULL, 8, 0, 8, '2024-08-17 17:25:16', '2024-08-17 17:25:16'),
(7, 3, 1, 1, 1, 1, NULL, 8, 0, 8, '2024-08-17 17:25:34', '2024-08-17 17:25:34'),
(8, 3, 1, 1, 1, 2, NULL, 8, 0, 8, '2024-08-17 17:26:04', '2024-08-17 17:26:04'),
(9, 3, 1, 1, 1, 3, NULL, 8, 0, 8, '2024-08-17 17:26:21', '2024-08-17 17:26:21'),
(10, 3, 1, 1, 1, 4, NULL, 8, 0, 8, '2024-08-17 17:26:41', '2024-08-17 17:26:41'),
(11, 3, 1, 1, 1, 5, NULL, 8, 0, 8, '2024-08-17 17:27:01', '2024-08-17 17:27:01'),
(12, 3, 1, 1, 1, 6, NULL, 8, 1, 7, '2024-08-17 17:27:24', '2024-08-17 17:27:24');

-- --------------------------------------------------------

--
-- Structure de la table `communes`
--

CREATE TABLE `communes` (
  `id` bigint(20) UNSIGNED NOT NULL,
  `idVille` int(11) NOT NULL,
  `nomCommune` varchar(250) COLLATE utf8mb4_unicode_ci NOT NULL,
  `created_at` timestamp NULL DEFAULT NULL,
  `updated_at` timestamp NULL DEFAULT NULL
) ENGINE=InnoDB DEFAULT CHARSET=utf8mb4 COLLATE=utf8mb4_unicode_ci;

--
-- Déchargement des données de la table `communes`
--

INSERT INTO `communes` (`id`, `idVille`, `nomCommune`, `created_at`, `updated_at`) VALUES
(1, 1, 'Goma', '2023-09-04 11:25:06', '2023-09-04 11:25:06'),
(2, 1, 'Karisimbi', '2023-09-04 11:25:24', '2023-09-04 11:25:24'),
(3, 2, 'Kasuku', '2023-09-04 11:25:51', '2023-09-04 11:25:51'),
(4, 2, 'Mikelenge', '2023-09-04 11:27:05', '2024-06-11 17:44:45');

-- --------------------------------------------------------

--
-- Structure de la table `cotations`
--

CREATE TABLE `cotations` (
  `id` bigint(20) UNSIGNED NOT NULL,
  `idInscription` bigint(20) UNSIGNED NOT NULL,
  `idCours` bigint(20) UNSIGNED NOT NULL,
  `idPeriode` bigint(20) UNSIGNED NOT NULL,
  `cote` double NOT NULL DEFAULT 0,
  `codeCote` varchar(250) COLLATE utf8mb4_unicode_ci DEFAULT NULL,
  `created_at` timestamp NULL DEFAULT NULL,
  `updated_at` timestamp NULL DEFAULT NULL,
  `maxima` double DEFAULT 0
) ENGINE=InnoDB DEFAULT CHARSET=utf8mb4 COLLATE=utf8mb4_unicode_ci;

--
-- Déchargement des données de la table `cotations`
--

INSERT INTO `cotations` (`id`, `idInscription`, `idCours`, `idPeriode`, `cote`, `codeCote`, `created_at`, `updated_at`, `maxima`) VALUES
(1, 2, 19, 1, 7, 'Cote-10-20723429', '2024-10-23 14:43:18', '2024-10-23 14:59:02', 10),
(2, 4, 22, 1, 25, 'Cote-10-46177323', '2024-10-23 14:59:57', '2024-10-23 14:59:57', 30),
(3, 2, 23, 1, 45, 'Cote-10-78788420', '2024-10-23 15:00:06', '2024-10-23 15:00:06', 50),
(4, 2, 19, 1, 8, 'Cote-10-7002921', '2024-10-23 15:00:27', '2024-10-23 15:00:27', 10),
(5, 2, 20, 1, 9, 'Cote-10-97211519', '2024-10-23 15:00:40', '2024-10-23 15:00:40', 10),
(6, 2, 21, 1, 8, 'Cote-10-74646167', '2024-10-23 15:00:57', '2024-10-23 15:00:57', 10),
(7, 2, 16, 1, 9, 'Cote-10-48026374', '2024-10-23 15:01:15', '2024-10-23 15:01:15', 10),
(8, 2, 17, 1, 7, 'Cote-10-3087545', '2024-10-23 15:01:23', '2024-10-23 15:01:23', 10),
(9, 2, 18, 1, 18.5, 'Cote-10-34830093', '2024-10-23 15:01:35', '2024-10-23 15:01:35', 20),
(10, 2, 19, 1, 8, 'Cote-10-2968637', '2024-10-23 15:01:51', '2024-10-23 15:01:51', 10),
(11, 2, 20, 1, 7.9, 'Cote-10-27728082', '2024-10-23 15:02:06', '2024-10-23 15:02:06', 10),
(12, 2, 21, 1, 8, 'Cote-10-36624804', '2024-10-23 15:02:14', '2024-10-23 15:02:14', 10),
(14, 2, 12, 1, 35, 'Cote-10-3003081', '2024-10-23 15:04:36', '2024-10-23 15:04:36', 40),
(15, 2, 13, 1, 18.6, 'Cote-10-32947153', '2024-10-23 15:04:45', '2024-10-23 15:04:45', 20),
(16, 2, 14, 1, 8, 'Cote-10-36182102', '2024-10-23 15:04:56', '2024-10-23 15:04:56', 10),
(17, 2, 15, 1, 8.9, 'Cote-10-5716089', '2024-10-23 15:05:11', '2024-10-23 15:05:11', 10),
(18, 2, 24, 1, 17, 'Cote-10-14370684', '2024-10-23 15:05:27', '2024-10-23 15:05:27', 20),
(19, 2, 25, 1, 19, 'Cote-10-19428641', '2024-10-23 15:05:35', '2024-10-23 15:05:35', 20),
(20, 2, 26, 1, 20, 'Cote-10-54236490', '2024-10-23 15:05:45', '2024-10-23 15:05:45', 30),
(21, 2, 27, 1, 15, 'Cote-10-8430965', '2024-10-23 15:05:59', '2024-10-23 15:05:59', 20),
(22, 2, 28, 1, 16, 'Cote-10-11931243', '2024-10-23 15:06:12', '2024-10-23 15:06:12', 20),
(23, 2, 29, 1, 17, 'Cote-10-85793788', '2024-10-23 15:06:19', '2024-10-23 15:06:19', 20),
(24, 2, 30, 1, 8, 'Cote-10-44654969', '2024-10-23 15:06:37', '2024-10-23 15:06:48', 20),
(25, 4, 19, 1, 7, 'Cote-10-14274249', '2024-10-24 06:48:42', '2024-10-24 06:48:42', 10),
(26, 4, 20, 1, 8, 'Cote-10-18274788', '2024-10-24 06:48:51', '2024-10-24 06:48:51', 10),
(27, 4, 21, 1, 7, 'Cote-10-4783635', '2024-10-24 06:48:58', '2024-10-24 06:48:58', 10),
(28, 4, 16, 1, 8, 'Cote-10-98479090', '2024-10-24 06:49:25', '2024-10-24 06:49:25', 10),
(29, 4, 17, 1, 7, 'Cote-10-19262711', '2024-10-24 06:49:32', '2024-10-24 06:49:32', 10),
(30, 4, 18, 1, 15, 'Cote-10-69460160', '2024-10-24 06:49:40', '2024-10-24 06:49:40', 20),
(31, 4, 12, 1, 30, 'Cote-10-54960932', '2024-10-24 06:49:53', '2024-10-24 06:49:53', 40),
(32, 4, 13, 1, 13, 'Cote-10-85561760', '2024-10-24 06:49:59', '2024-10-24 06:49:59', 20),
(33, 4, 14, 1, 4, 'Cote-10-19571231', '2024-10-24 06:50:07', '2024-10-24 06:50:07', 10),
(34, 4, 15, 1, 6, 'Cote-10-32588007', '2024-10-24 06:50:13', '2024-10-24 06:50:13', 10),
(35, 4, 23, 1, 20, 'Cote-10-60163877', '2024-10-24 06:50:55', '2024-10-24 06:50:55', 50),
(36, 4, 24, 1, 15, 'Cote-10-40423892', '2024-10-24 06:51:34', '2024-10-24 06:51:34', 20),
(37, 4, 25, 1, 15, 'Cote-10-96160072', '2024-10-24 06:51:42', '2024-10-24 06:51:42', 20),
(38, 4, 26, 1, 25, 'Cote-10-35504081', '2024-10-24 06:51:53', '2024-10-24 06:51:53', 30),
(39, 4, 27, 1, 14, 'Cote-10-93487543', '2024-10-24 06:52:05', '2024-10-24 06:52:05', 20),
(40, 4, 28, 1, 9, 'Cote-10-70774118', '2024-10-24 06:52:21', '2024-10-24 06:52:21', 20),
(41, 4, 29, 1, 13, 'Cote-10-42249916', '2024-10-24 06:52:28', '2024-10-24 06:52:28', 20),
(42, 4, 30, 1, 15, 'Cote-10-87261546', '2024-10-24 06:52:42', '2024-10-24 06:52:42', 20),
(43, 2, 22, 1, 27, 'Cote-10-78219585', '2024-10-24 06:54:49', '2024-10-24 06:54:49', 30),
(44, 6, 19, 1, 4, 'Cote-10-42542955', '2024-10-24 07:07:49', '2024-10-24 07:07:49', 10),
(45, 6, 20, 1, 5, 'Cote-10-79125458', '2024-10-24 07:07:56', '2024-10-24 07:07:56', 10),
(46, 6, 21, 1, 3, 'Cote-10-14723021', '2024-10-24 07:08:01', '2024-10-24 07:08:01', 10),
(47, 6, 16, 1, 4, 'Cote-10-76673090', '2024-10-24 07:08:19', '2024-10-24 07:08:19', 10),
(48, 6, 17, 1, 3, 'Cote-10-6154473', '2024-10-24 07:08:25', '2024-10-24 07:08:25', 10),
(49, 6, 18, 1, 12, 'Cote-10-47872232', '2024-10-24 07:08:33', '2024-10-24 07:08:33', 20),
(50, 6, 12, 1, 15, 'Cote-10-21283712', '2024-10-24 07:08:42', '2024-10-24 07:08:42', 40),
(51, 6, 13, 1, 5, 'Cote-10-5264178', '2024-10-24 07:08:48', '2024-10-24 07:08:48', 20),
(52, 6, 14, 1, 4, 'Cote-10-30206058', '2024-10-24 07:08:54', '2024-10-24 07:08:54', 10),
(53, 6, 15, 1, 5, 'Cote-10-28853989', '2024-10-24 07:08:59', '2024-10-29 11:06:45', 10),
(54, 6, 22, 1, 17, 'Cote-10-12967598', '2024-10-24 07:09:13', '2024-10-29 11:06:36', 30),
(55, 6, 23, 1, 25, 'Cote-10-52863981', '2024-10-24 07:09:20', '2024-10-29 11:05:46', 50),
(56, 6, 24, 1, 8, 'Cote-10-97862592', '2024-10-24 07:09:30', '2024-10-24 07:09:30', 20),
(57, 6, 25, 1, 6, 'Cote-10-78107514', '2024-10-24 07:09:37', '2024-10-24 07:09:37', 20),
(58, 6, 26, 1, 15, 'Cote-10-95839768', '2024-10-24 07:09:48', '2024-10-24 07:09:48', 30),
(59, 6, 27, 1, 9, 'Cote-10-7610503', '2024-10-24 07:09:56', '2024-10-24 07:09:56', 20),
(60, 6, 28, 1, 8, 'Cote-10-13278982', '2024-10-24 07:10:13', '2024-10-24 07:10:13', 20),
(61, 6, 29, 1, 10, 'Cote-10-49774014', '2024-10-24 07:10:19', '2024-10-24 07:10:19', 20),
(62, 6, 30, 1, 12, 'Cote-10-18391184', '2024-10-24 07:10:38', '2024-10-24 07:10:38', 20),
(63, 7, 19, 1, 8, 'Cote-10-92097929', '2024-10-24 07:14:29', '2024-10-24 07:14:29', 10),
(64, 7, 20, 1, 7, 'Cote-10-87360188', '2024-10-24 07:14:34', '2024-10-24 07:14:34', 10),
(65, 7, 21, 1, 7.5, 'Cote-10-60314753', '2024-10-24 07:14:43', '2024-10-24 07:14:43', 10),
(66, 7, 16, 1, 8, 'Cote-10-50296945', '2024-10-24 07:14:51', '2024-10-24 07:14:51', 10),
(67, 7, 17, 1, 7, 'Cote-10-64785300', '2024-10-24 07:14:59', '2024-10-24 07:14:59', 10),
(68, 7, 18, 1, 17, 'Cote-10-55300750', '2024-10-24 07:15:06', '2024-10-24 07:15:06', 20),
(69, 7, 12, 1, 30, 'Cote-10-26980583', '2024-10-24 07:15:23', '2024-10-24 07:15:23', 40),
(70, 7, 13, 1, 16, 'Cote-10-85546777', '2024-10-24 07:15:31', '2024-10-24 07:15:31', 20),
(71, 7, 14, 1, 7, 'Cote-10-46648278', '2024-10-24 07:15:36', '2024-10-24 07:15:36', 10),
(72, 7, 15, 1, 8, 'Cote-10-5966014', '2024-10-24 07:15:43', '2024-10-24 07:15:43', 10),
(73, 7, 22, 1, 23, 'Cote-10-11504355', '2024-10-24 07:15:56', '2024-10-24 07:15:56', 30),
(74, 7, 23, 1, 35, 'Cote-10-72262300', '2024-10-24 07:16:03', '2024-10-24 07:16:03', 50),
(75, 7, 24, 1, 15, 'Cote-10-84661593', '2024-10-24 07:16:13', '2024-10-24 07:16:13', 20),
(76, 7, 25, 1, 13, 'Cote-10-81113105', '2024-10-24 07:16:19', '2024-10-24 07:16:19', 20),
(77, 7, 26, 1, 17, 'Cote-10-59447223', '2024-10-24 07:16:25', '2024-10-24 07:16:25', 30),
(78, 7, 27, 1, 15, 'Cote-10-3058673', '2024-10-24 07:16:40', '2024-10-24 07:16:40', 20),
(79, 7, 28, 1, 12, 'Cote-10-19136066', '2024-10-24 07:16:51', '2024-10-24 07:16:51', 20),
(80, 7, 29, 1, 13, 'Cote-10-58839203', '2024-10-24 07:17:03', '2024-10-24 07:17:03', 20),
(81, 7, 30, 1, 13, 'Cote-10-52430772', '2024-10-24 07:17:29', '2024-10-24 07:17:29', 20),
(82, 9, 19, 1, 2, 'Cote-10-64372610', '2024-10-24 08:07:27', '2024-10-24 08:07:27', 10),
(83, 9, 20, 1, 6, 'Cote-10-15092705', '2024-10-24 08:07:35', '2024-10-24 08:07:35', 10),
(84, 9, 21, 1, 8, 'Cote-10-77158398', '2024-10-24 08:07:41', '2024-10-24 08:07:41', 10),
(85, 9, 16, 1, 7, 'Cote-10-18501390', '2024-10-24 08:07:51', '2024-10-24 08:07:51', 10),
(86, 9, 17, 1, 5, 'Cote-10-17233806', '2024-10-24 08:07:58', '2024-10-24 08:07:58', 10),
(87, 9, 18, 1, 14, 'Cote-10-90394172', '2024-10-24 08:08:04', '2024-10-24 08:08:04', 20),
(88, 9, 12, 1, 20, 'Cote-10-49496821', '2024-10-24 08:08:23', '2024-10-24 08:08:23', 40),
(89, 9, 13, 1, 12, 'Cote-10-63409953', '2024-10-24 08:08:30', '2024-10-24 08:08:30', 20),
(90, 9, 14, 1, 6, 'Cote-10-90618774', '2024-10-24 08:08:35', '2024-10-24 08:08:35', 10),
(91, 9, 15, 1, 5, 'Cote-10-81555519', '2024-10-24 08:08:40', '2024-10-24 08:08:40', 10),
(92, 9, 22, 1, 15, 'Cote-10-47311287', '2024-10-24 08:08:49', '2024-10-24 08:08:49', 30),
(93, 9, 23, 1, 27, 'Cote-10-97380237', '2024-10-24 08:08:56', '2024-10-24 08:08:56', 50),
(94, 9, 24, 1, 12, 'Cote-10-1559696', '2024-10-24 08:09:15', '2024-10-24 08:09:15', 20),
(95, 9, 25, 1, 10, 'Cote-10-6914807', '2024-10-24 08:09:23', '2024-10-24 08:09:23', 20),
(96, 9, 26, 1, 17, 'Cote-10-60267278', '2024-10-24 08:09:28', '2024-10-24 08:09:28', 30),
(97, 9, 27, 1, 10, 'Cote-10-14357625', '2024-10-24 08:09:34', '2024-10-24 08:09:34', 20),
(98, 9, 28, 1, 10, 'Cote-10-20479812', '2024-10-24 08:09:55', '2024-10-24 08:09:55', 20),
(99, 9, 29, 1, 11, 'Cote-10-82975104', '2024-10-24 08:09:59', '2024-10-24 08:09:59', 20),
(100, 9, 30, 1, 15, 'Cote-10-11862199', '2024-10-24 08:10:13', '2024-10-24 08:10:13', 20),
(101, 12, 19, 1, 6, 'Cote-10-72739398', '2024-10-24 08:10:41', '2024-10-24 08:10:41', 10),
(102, 12, 20, 1, 5, 'Cote-10-62509358', '2024-10-24 08:10:47', '2024-10-24 08:10:47', 10),
(103, 12, 21, 1, 7, 'Cote-10-25553095', '2024-10-24 08:10:52', '2024-10-24 08:10:52', 10),
(104, 12, 16, 1, 4, 'Cote-10-2048604', '2024-10-24 08:11:10', '2024-10-24 08:11:10', 10),
(105, 12, 17, 1, 6, 'Cote-10-1095067', '2024-10-24 08:11:23', '2024-10-24 08:11:23', 10),
(106, 12, 18, 1, 15, 'Cote-10-57405041', '2024-10-24 08:11:28', '2024-10-24 08:11:28', 20),
(107, 12, 12, 1, 27, 'Cote-10-52412888', '2024-10-24 08:11:46', '2024-10-24 08:11:46', 40),
(108, 12, 13, 1, 16, 'Cote-10-66020717', '2024-10-24 08:11:53', '2024-10-24 08:11:53', 20),
(109, 12, 14, 1, 6, 'Cote-10-48994332', '2024-10-24 08:12:15', '2024-10-24 08:12:15', 10),
(110, 12, 15, 1, 7, 'Cote-10-26077630', '2024-10-24 08:12:23', '2024-10-24 08:12:23', 10),
(111, 12, 22, 1, 18, 'Cote-10-32484236', '2024-10-24 08:12:41', '2024-10-24 08:12:41', 30),
(112, 12, 23, 1, 35, 'Cote-10-78708124', '2024-10-24 08:12:51', '2024-10-24 08:12:51', 50),
(113, 12, 24, 1, 13, 'Cote-10-9283081', '2024-10-24 08:13:00', '2024-10-24 08:13:00', 20),
(114, 12, 25, 1, 11, 'Cote-10-67129258', '2024-10-24 08:13:06', '2024-10-24 08:13:06', 20),
(115, 12, 26, 1, 19, 'Cote-10-19774442', '2024-10-24 08:13:17', '2024-10-24 08:13:17', 30),
(116, 12, 27, 1, 16, 'Cote-10-21613867', '2024-10-24 08:13:24', '2024-10-24 08:13:24', 20),
(117, 12, 28, 1, 15, 'Cote-10-8343025', '2024-10-24 08:13:44', '2024-10-24 08:13:44', 20),
(118, 12, 29, 1, 14, 'Cote-10-103508', '2024-10-24 08:13:50', '2024-10-24 08:13:50', 20),
(119, 12, 30, 1, 14, 'Cote-10-21838162', '2024-10-24 08:14:00', '2024-10-24 08:14:00', 20),
(120, 3, 19, 1, 6, 'Cote-10-82864456', '2024-10-24 08:14:15', '2024-10-24 08:14:15', 10),
(121, 3, 20, 1, 6, 'Cote-10-63161507', '2024-10-24 08:14:22', '2024-10-24 08:14:22', 10),
(122, 3, 21, 1, 8, 'Cote-10-88091789', '2024-10-24 08:14:27', '2024-10-24 08:14:27', 10),
(123, 3, 16, 1, 6, 'Cote-10-67325821', '2024-10-24 08:14:35', '2024-10-24 08:14:35', 10),
(124, 3, 17, 1, 7, 'Cote-10-28800604', '2024-10-24 08:14:40', '2024-10-24 08:14:40', 10),
(125, 3, 18, 1, 14, 'Cote-10-47946394', '2024-10-24 08:14:46', '2024-10-24 08:14:46', 20),
(126, 3, 12, 1, 25, 'Cote-10-69940022', '2024-10-24 08:15:01', '2024-10-24 08:15:01', 40),
(127, 3, 13, 1, 15, 'Cote-10-2590066', '2024-10-24 08:15:10', '2024-10-24 08:15:10', 20),
(128, 3, 14, 1, 6, 'Cote-10-43141493', '2024-10-24 08:15:18', '2024-10-24 08:15:18', 10),
(129, 3, 15, 1, 6, 'Cote-10-1994410', '2024-10-24 08:15:23', '2024-10-24 08:15:23', 10),
(130, 3, 22, 1, 16, 'Cote-10-4776157', '2024-10-24 08:15:34', '2024-10-24 08:15:34', 30),
(131, 3, 23, 1, 30, 'Cote-10-67612252', '2024-10-24 08:15:39', '2024-10-24 08:15:39', 50),
(132, 3, 24, 1, 12, 'Cote-10-67468924', '2024-10-24 08:15:48', '2024-10-24 08:15:48', 20),
(133, 3, 25, 1, 14, 'Cote-10-51600500', '2024-10-24 08:15:54', '2024-10-24 08:15:54', 20),
(134, 3, 26, 1, 19, 'Cote-10-2177492', '2024-10-24 08:16:01', '2024-10-24 08:16:01', 30),
(135, 3, 27, 1, 13, 'Cote-10-52666945', '2024-10-24 08:16:07', '2024-10-24 08:16:07', 20),
(136, 3, 28, 1, 15, 'Cote-10-55413680', '2024-10-24 08:16:17', '2024-10-24 08:16:17', 20),
(137, 3, 29, 1, 12, 'Cote-10-16262945', '2024-10-24 08:16:22', '2024-10-24 08:16:22', 20),
(138, 3, 30, 1, 13, 'Cote-10-99849150', '2024-10-24 08:16:32', '2024-10-24 08:16:32', 20),
(139, 5, 19, 1, 3, 'Cote-10-32842425', '2024-10-24 08:16:53', '2024-10-24 08:16:53', 10),
(140, 5, 20, 1, 5, 'Cote-10-25080274', '2024-10-24 08:16:57', '2024-10-24 08:16:57', 10),
(141, 5, 21, 1, 4, 'Cote-10-75911260', '2024-10-24 08:17:03', '2024-10-24 08:17:03', 10),
(142, 5, 16, 1, 4, 'Cote-10-5691758', '2024-10-24 08:17:14', '2024-10-24 08:17:14', 10),
(143, 5, 17, 1, 5, 'Cote-10-66778849', '2024-10-24 08:17:22', '2024-10-24 08:17:22', 10),
(144, 5, 18, 1, 15, 'Cote-10-98455929', '2024-10-24 08:17:28', '2024-10-24 08:17:28', 20),
(145, 5, 12, 1, 13, 'Cote-10-38738600', '2024-10-24 08:17:40', '2024-10-24 08:17:40', 40),
(146, 5, 13, 1, 10, 'Cote-10-31179009', '2024-10-24 08:17:48', '2024-10-24 08:17:48', 20),
(147, 5, 14, 1, 4, 'Cote-10-19929451', '2024-10-24 08:17:54', '2024-10-24 08:17:54', 10),
(148, 5, 15, 1, 6, 'Cote-10-7487437', '2024-10-24 08:17:58', '2024-10-24 08:17:58', 10),
(149, 5, 22, 1, 15, 'Cote-10-40026064', '2024-10-24 08:18:14', '2024-10-24 08:18:14', 30),
(150, 5, 23, 1, 28, 'Cote-10-50139827', '2024-10-24 08:18:20', '2024-10-24 08:18:20', 50),
(151, 5, 24, 1, 12, 'Cote-10-68048200', '2024-10-24 08:18:31', '2024-10-24 08:18:31', 20),
(152, 5, 25, 1, 11, 'Cote-10-26557976', '2024-10-24 08:18:36', '2024-10-24 08:18:36', 20),
(153, 5, 26, 1, 13, 'Cote-10-85048768', '2024-10-24 08:18:42', '2024-10-24 08:18:42', 30),
(154, 5, 27, 1, 5, 'Cote-10-56320936', '2024-10-24 08:18:47', '2024-10-24 08:18:47', 20),
(155, 5, 28, 1, 11, 'Cote-10-3352024', '2024-10-24 08:18:55', '2024-10-24 08:18:55', 20),
(156, 5, 29, 1, 10, 'Cote-10-37114407', '2024-10-24 08:19:03', '2024-10-24 08:19:03', 20),
(157, 5, 30, 1, 5, 'Cote-10-79084841', '2024-10-24 08:19:10', '2024-10-24 08:19:10', 20),
(158, 8, 19, 1, 7, 'Cote-10-4818822', '2024-10-24 08:19:52', '2024-10-24 08:19:52', 10),
(159, 8, 20, 1, 5, 'Cote-10-32588558', '2024-10-24 08:19:56', '2024-10-24 08:19:56', 10),
(160, 8, 21, 1, 7, 'Cote-10-66349968', '2024-10-24 08:20:02', '2024-10-24 08:20:02', 10),
(161, 8, 16, 1, 7, 'Cote-10-24176787', '2024-10-24 08:20:08', '2024-10-24 08:20:08', 10),
(162, 8, 17, 1, 7, 'Cote-10-20393831', '2024-10-24 08:20:13', '2024-10-24 08:20:13', 10),
(163, 8, 18, 1, 18, 'Cote-10-47915342', '2024-10-24 08:20:19', '2024-10-24 08:20:19', 20),
(164, 8, 12, 1, 34, 'Cote-10-46896176', '2024-10-24 08:20:29', '2024-10-24 08:20:29', 40),
(165, 8, 13, 1, 14, 'Cote-10-63790011', '2024-10-24 08:20:34', '2024-10-24 08:20:34', 20),
(166, 8, 14, 1, 4, 'Cote-10-94866202', '2024-10-24 08:20:42', '2024-10-24 08:20:42', 10),
(167, 8, 15, 1, 4, 'Cote-10-95212355', '2024-10-24 08:20:48', '2024-10-24 08:20:48', 10),
(168, 8, 22, 1, 24, 'Cote-10-48039031', '2024-10-24 08:20:58', '2024-10-24 08:20:58', 30),
(169, 8, 23, 1, 35, 'Cote-10-14067829', '2024-10-24 08:21:05', '2024-10-24 08:21:05', 50),
(170, 8, 24, 1, 15, 'Cote-10-19146073', '2024-10-24 08:21:18', '2024-10-24 08:21:18', 20),
(171, 8, 25, 1, 16, 'Cote-10-33408812', '2024-10-24 08:21:24', '2024-10-24 08:21:24', 20),
(172, 8, 26, 1, 23, 'Cote-10-48320183', '2024-10-24 08:21:30', '2024-10-24 08:21:30', 30),
(173, 8, 27, 1, 14, 'Cote-10-3262736', '2024-10-24 08:21:36', '2024-10-24 08:21:36', 20),
(174, 8, 28, 1, 13, 'Cote-10-49140359', '2024-10-24 08:21:44', '2024-10-24 08:21:44', 20),
(175, 8, 29, 1, 12, 'Cote-10-95742523', '2024-10-24 08:21:48', '2024-10-24 08:21:48', 20),
(176, 8, 30, 1, 15, 'Cote-10-79311178', '2024-10-24 08:22:00', '2024-10-24 08:22:00', 20);

-- --------------------------------------------------------

--
-- Structure de la table `cours`
--

CREATE TABLE `cours` (
  `id` bigint(20) UNSIGNED NOT NULL,
  `idCatCours` bigint(20) UNSIGNED NOT NULL,
  `nomCours` varchar(250) COLLATE utf8mb4_unicode_ci NOT NULL,
  `created_at` timestamp NULL DEFAULT NULL,
  `updated_at` timestamp NULL DEFAULT NULL
) ENGINE=InnoDB DEFAULT CHARSET=utf8mb4 COLLATE=utf8mb4_unicode_ci;

--
-- Déchargement des données de la table `cours`
--

INSERT INTO `cours` (`id`, `idCatCours`, `nomCours`, `created_at`, `updated_at`) VALUES
(12, 3, 'Algèbre', '2024-10-23 10:08:32', '2024-10-23 10:08:32'),
(13, 3, 'géométrie', '2024-10-23 10:09:04', '2024-10-23 10:09:04'),
(14, 3, 'Arithmétique', '2024-10-23 10:09:47', '2024-10-23 10:09:47'),
(15, 3, 'Statistique', '2024-10-23 10:09:56', '2024-10-23 10:09:56'),
(16, 2, 'Anatomie', '2024-10-23 10:10:37', '2024-10-23 10:10:37'),
(17, 2, 'Botanique', '2024-10-23 10:10:46', '2024-10-23 10:10:46'),
(18, 2, 'Zoologie', '2024-10-23 10:10:54', '2024-10-23 10:10:54'),
(19, 1, 'Sciences physiques', '2024-10-23 10:11:30', '2024-10-23 10:11:30'),
(20, 1, 'Technologies', '2024-10-23 10:11:39', '2024-10-23 10:11:39'),
(21, 1, 'Techno d\'info et com (Tic)', '2024-10-23 10:12:46', '2024-10-23 10:12:46'),
(22, 5, 'Anglais', '2024-10-23 10:13:12', '2024-10-23 10:13:12'),
(23, 5, 'Français', '2024-10-23 10:13:21', '2024-10-23 10:13:21'),
(24, 6, 'Education à la vie', '2024-10-23 10:13:52', '2024-10-23 10:13:52'),
(25, 6, 'Education civile et morale', '2024-10-23 10:14:04', '2024-10-23 10:14:04'),
(26, 6, 'Géographie', '2024-10-23 10:14:34', '2024-10-23 10:14:34'),
(27, 6, 'Histoire', '2024-10-23 10:14:56', '2024-10-23 10:14:56'),
(28, 7, 'Dessin', '2024-10-23 10:15:02', '2024-10-23 10:15:02'),
(29, 7, 'Musique', '2024-10-23 10:15:32', '2024-10-23 10:15:32'),
(30, 8, 'Education physique', '2024-10-23 10:15:53', '2024-10-23 10:15:53'),
(31, 1, 'Informatique général 1', '2024-10-23 13:32:27', '2024-10-23 13:32:27');

-- --------------------------------------------------------

--
-- Structure de la table `divisions`
--

CREATE TABLE `divisions` (
  `id` bigint(20) UNSIGNED NOT NULL,
  `nomDivision` varchar(250) COLLATE utf8mb4_unicode_ci NOT NULL,
  `created_at` timestamp NULL DEFAULT NULL,
  `updated_at` timestamp NULL DEFAULT NULL
) ENGINE=InnoDB DEFAULT CHARSET=utf8mb4 COLLATE=utf8mb4_unicode_ci;

--
-- Déchargement des données de la table `divisions`
--

INSERT INTO `divisions` (`id`, `nomDivision`, `created_at`, `updated_at`) VALUES
(1, 'A', '2024-06-19 12:36:41', '2024-06-19 12:36:41'),
(2, 'B', '2024-06-19 12:36:45', '2024-06-19 12:36:45'),
(3, 'C', '2024-06-19 12:36:49', '2024-06-19 12:36:49'),
(4, 'D', '2024-06-19 12:36:53', '2024-06-19 12:36:53'),
(5, 'E', '2024-06-19 12:36:57', '2024-06-19 12:36:57'),
(6, 'F', '2024-06-19 12:37:01', '2024-06-19 12:37:01');

-- --------------------------------------------------------

--
-- Structure de la table `eleves`
--

CREATE TABLE `eleves` (
  `id` bigint(20) UNSIGNED NOT NULL,
  `idAvenue` bigint(20) UNSIGNED NOT NULL,
  `nomEleve` varchar(250) COLLATE utf8mb4_unicode_ci DEFAULT NULL,
  `postNomEleve` varchar(250) COLLATE utf8mb4_unicode_ci DEFAULT NULL,
  `preNomEleve` varchar(250) COLLATE utf8mb4_unicode_ci DEFAULT NULL,
  `etatCivilEleve` varchar(250) COLLATE utf8mb4_unicode_ci DEFAULT NULL,
  `sexeEleve` varchar(250) COLLATE utf8mb4_unicode_ci DEFAULT NULL,
  `nomPere` varchar(250) COLLATE utf8mb4_unicode_ci DEFAULT NULL,
  `nomMere` varchar(250) COLLATE utf8mb4_unicode_ci DEFAULT NULL,
  `numPere` varchar(250) COLLATE utf8mb4_unicode_ci DEFAULT NULL,
  `numMere` varchar(250) COLLATE utf8mb4_unicode_ci DEFAULT NULL,
  `photoEleve` varchar(250) COLLATE utf8mb4_unicode_ci DEFAULT NULL,
  `codeEleve` varchar(250) COLLATE utf8mb4_unicode_ci DEFAULT NULL,
  `created_at` timestamp NULL DEFAULT NULL,
  `updated_at` timestamp NULL DEFAULT NULL,
  `numAdresseEleve` varchar(250) COLLATE utf8mb4_unicode_ci DEFAULT NULL,
  `dateNaisEleve` varchar(250) COLLATE utf8mb4_unicode_ci DEFAULT NULL
) ENGINE=InnoDB DEFAULT CHARSET=utf8mb4 COLLATE=utf8mb4_unicode_ci;

--
-- Déchargement des données de la table `eleves`
--

INSERT INTO `eleves` (`id`, `idAvenue`, `nomEleve`, `postNomEleve`, `preNomEleve`, `etatCivilEleve`, `sexeEleve`, `nomPere`, `nomMere`, `numPere`, `numMere`, `photoEleve`, `codeEleve`, `created_at`, `updated_at`, `numAdresseEleve`, `dateNaisEleve`) VALUES
(1, 1, 'Jeremi', 'Kambale', 'lola', 'Celibataire', 'M', 'Kambale sumaili', 'sifa sumaili', '0998734234', '0997834233', '1729669033.png', '331215665', '2024-06-19 19:12:57', '2024-10-23 05:37:13', '12', '2007-09-01'),
(2, 5, 'Patrick', 'selemani', 'lupaya', 'Celibataire', 'M', 'lupaya mputu', 'jolie Mputu', '0970524665', '0817883541', '1729669007.png', '1566677619', '2024-06-19 19:17:44', '2024-10-23 05:36:47', '34', '2006-04-01'),
(3, 5, 'tuta', 'pascal', 'Jeremie', 'Celibataire', 'M', 'tutu kasera', 'masika tutu', '0997843223', '085432134', '1729669052.png', '47344734', '2024-06-19 19:20:17', '2024-10-23 05:37:32', '44', '2004-04-01'),
(4, 2, 'Gabriel', 'kabumba', 'sefu', 'Celibataire', 'M', 'kabumba', 'sifa bernadette', '0997821345', '0816772345', '1729668986.jpeg', '1839766669', '2024-06-19 19:22:04', '2024-10-23 05:36:26', '2332', '2006-04-01'),
(5, 2, 'Bijoux', 'tebete', 'bernadette', 'Celibataire', 'F', 'Tebete', 'Zahabu', '0997812343', '0996123452', '1729668937.jpeg', '194143024', '2024-06-19 19:24:58', '2024-10-23 05:35:37', '323', '2008-04-01'),
(7, 15, 'Birindwa', 'jolie', 'binja', 'Celibataire', 'F', 'Birindwa roger', 'chirezi birindwa', '0970524665', '0817883541', '1729668901.png', '769084006', '2024-06-19 19:30:01', '2024-10-23 05:35:01', '23', '2006-09-01'),
(8, 12, 'Nehema', 'sefu', 'Abigael', 'Celibataire', 'F', 'Jeremie', 'Jolie', '081783484434', '0994434345', '1729668909.png', '1124395129', '2024-06-19 19:42:53', '2024-10-23 05:35:09', '09', '2005-04-01'),
(9, 15, 'Henriette', 'jusele', 'kasereka', 'Marié(e)', 'F', 'Kasereka', 'masika', '0997823456', '0997534443', '1729668916.jpeg', '365682046', '2024-06-19 20:14:03', '2024-10-23 05:35:16', '334', '2007-01-01'),
(10, 5, 'laini', 'seluwa', 'kakule', 'Celibataire', 'F', 'Kakule misa', 'masika kakule', '099332453', '0851232123', '1729668872.jpeg', '1964960515', '2024-06-20 12:00:31', '2024-10-23 05:34:32', '56', '2002-04-01'),
(11, 42, 'Nicole', 'kamango', 'Henriette', 'Celibataire', 'F', 'kamango', 'julienne', '0817883541', '0970524665', '1729668839.png', '1208546875', '2024-06-20 15:33:35', '2024-10-23 05:33:59', '025', '2005-01-01'),
(12, 15, 'John sefu', 'Abedi', 'jupiter', 'Celibataire', 'M', 'Abedi', 'Rehema Mbuma', '0817883423', '0993464343', '1729669097.png', '572136816', '2024-08-18 07:45:37', '2024-10-23 05:38:17', '23', '2008-08-18');

-- --------------------------------------------------------

--
-- Structure de la table `enseignants`
--

CREATE TABLE `enseignants` (
  `id` bigint(20) UNSIGNED NOT NULL,
  `idAvenue` bigint(20) UNSIGNED NOT NULL,
  `nomEns` varchar(250) COLLATE utf8mb4_unicode_ci DEFAULT NULL,
  `nomUtilisateurEns` varchar(250) COLLATE utf8mb4_unicode_ci DEFAULT NULL,
  `nationaliteEns` varchar(250) COLLATE utf8mb4_unicode_ci DEFAULT NULL,
  `telEns` varchar(250) COLLATE utf8mb4_unicode_ci DEFAULT NULL,
  `tel2Ens` varchar(250) COLLATE utf8mb4_unicode_ci DEFAULT NULL,
  `sexeEns` varchar(250) COLLATE utf8mb4_unicode_ci DEFAULT NULL,
  `etatcivilEns` varchar(250) COLLATE utf8mb4_unicode_ci DEFAULT NULL,
  `prefEns` varchar(250) COLLATE utf8mb4_unicode_ci DEFAULT NULL,
  `degreprefEns` varchar(250) COLLATE utf8mb4_unicode_ci DEFAULT NULL,
  `telprefEns` varchar(250) COLLATE utf8mb4_unicode_ci DEFAULT NULL,
  `codeEns` varchar(250) COLLATE utf8mb4_unicode_ci DEFAULT NULL,
  `numCarteEns` varchar(250) COLLATE utf8mb4_unicode_ci DEFAULT NULL,
  `passwordEns` varchar(250) COLLATE utf8mb4_unicode_ci DEFAULT NULL,
  `imageEns` varchar(250) COLLATE utf8mb4_unicode_ci DEFAULT NULL,
  `created_at` timestamp NULL DEFAULT NULL,
  `updated_at` timestamp NULL DEFAULT NULL,
  `numMaisonEns` varchar(250) COLLATE utf8mb4_unicode_ci DEFAULT NULL,
  `dateNaisEns` varchar(250) COLLATE utf8mb4_unicode_ci DEFAULT NULL
) ENGINE=InnoDB DEFAULT CHARSET=utf8mb4 COLLATE=utf8mb4_unicode_ci;

--
-- Déchargement des données de la table `enseignants`
--

INSERT INTO `enseignants` (`id`, `idAvenue`, `nomEns`, `nomUtilisateurEns`, `nationaliteEns`, `telEns`, `tel2Ens`, `sexeEns`, `etatcivilEns`, `prefEns`, `degreprefEns`, `telprefEns`, `codeEns`, `numCarteEns`, `passwordEns`, `imageEns`, `created_at`, `updated_at`, `numMaisonEns`, `dateNaisEns`) VALUES
(1, 43, 'Seigneur koko', 'seigneur', 'Congolaise', '0817383434', '0997748423', 'M', 'Celibataire', 'Tresor kokosu', 'Oncle paternel', '0992383834', '43299247', NULL, '123456', '1729668781.png', '2024-10-22 13:46:39', '2024-10-23 05:33:01', '34', '1996-10-22'),
(2, 2, 'Djimy kakese florant', 'djimy', 'Congolaise', '0992223345', '0973321453', 'M', 'Celibataire', 'Lamine sephora', 'Epouse', '0853321453', '77484156', NULL, '123456', '1729668774.jpeg', '2024-10-22 13:50:14', '2024-10-23 05:32:54', '56', '1990-10-22'),
(3, 5, 'Thérèse Lola', 'therese', 'Congolaise', '0992388343', '0816632433', 'F', 'Celibataire', 'putulu lola', 'parant biologique', '0992132333', '54045972', NULL, '123456', '1729668798.jpeg', '2024-10-22 13:55:03', '2024-10-23 06:04:52', '23', '2000-10-22');

-- --------------------------------------------------------

--
-- Structure de la table `failed_jobs`
--

CREATE TABLE `failed_jobs` (
  `id` bigint(20) UNSIGNED NOT NULL,
  `connection` text COLLATE utf8mb4_unicode_ci NOT NULL,
  `queue` text COLLATE utf8mb4_unicode_ci NOT NULL,
  `payload` longtext COLLATE utf8mb4_unicode_ci NOT NULL,
  `exception` longtext COLLATE utf8mb4_unicode_ci NOT NULL,
  `failed_at` timestamp NOT NULL DEFAULT current_timestamp()
) ENGINE=InnoDB DEFAULT CHARSET=utf8mb4 COLLATE=utf8mb4_unicode_ci;

-- --------------------------------------------------------

--
-- Structure de la table `inscriptions`
--

CREATE TABLE `inscriptions` (
  `id` bigint(20) UNSIGNED NOT NULL,
  `idEleve` bigint(20) UNSIGNED NOT NULL,
  `idAnne` bigint(20) UNSIGNED NOT NULL,
  `idOption` bigint(20) UNSIGNED NOT NULL,
  `idClasse` bigint(20) UNSIGNED NOT NULL,
  `idDivision` bigint(20) UNSIGNED NOT NULL,
  `dateInscription` varchar(250) COLLATE utf8mb4_unicode_ci DEFAULT NULL,
  `codeInscription` varchar(250) COLLATE utf8mb4_unicode_ci DEFAULT NULL,
  `created_at` timestamp NULL DEFAULT NULL,
  `updated_at` timestamp NULL DEFAULT NULL,
  `reductionPaiement` double DEFAULT 0,
  `fraisinscription` double NOT NULL DEFAULT 30,
  `restoreinscription` double NOT NULL DEFAULT 0,
  `paie` double NOT NULL DEFAULT 0,
  `reste` double NOT NULL DEFAULT 0
) ENGINE=InnoDB DEFAULT CHARSET=utf8mb4 COLLATE=utf8mb4_unicode_ci;

--
-- Déchargement des données de la table `inscriptions`
--

INSERT INTO `inscriptions` (`id`, `idEleve`, `idAnne`, `idOption`, `idClasse`, `idDivision`, `dateInscription`, `codeInscription`, `created_at`, `updated_at`, `reductionPaiement`, `fraisinscription`, `restoreinscription`, `paie`, `reste`) VALUES
(1, 5, 3, 1, 2, 1, '2024-06-19', '482731652', '2024-06-20 17:17:47', '2024-10-24 08:03:44', 0, 30, 0, 100, 150),
(2, 7, 3, 1, 1, 1, '2024-06-20', '597460983', '2024-06-20 17:22:33', '2024-08-14 08:41:31', 10, 30, 0, 20, 200),
(3, 4, 3, 1, 1, 1, '2024-06-20', '1486031754', '2024-06-20 17:24:40', '2024-06-20 17:24:40', 0, 30, 0, 315, -95),
(4, 9, 3, 1, 1, 1, '2024-06-20', '344827264', '2024-06-20 17:24:59', '2024-06-20 17:24:59', 0, 30, 0, 0, 0),
(5, 1, 3, 1, 1, 1, '2024-06-20', '1982781020', '2024-06-20 17:25:24', '2024-06-20 17:25:24', 0, 30, 0, 100, 120),
(6, 10, 3, 1, 1, 1, '2024-06-20', '1548483362', '2024-06-20 17:25:45', '2024-06-20 17:25:45', 0, 30, 0, 0, 0),
(7, 8, 3, 1, 1, 1, '2024-06-20', '1662465789', '2024-06-20 17:26:07', '2024-08-14 10:18:25', 10, 30, 0, 0, 0),
(8, 11, 3, 1, 1, 1, '2024-06-20', '350714540', '2024-06-20 17:26:23', '2024-06-20 17:26:23', 0, 30, 0, 0, 0),
(9, 2, 3, 1, 1, 1, '2024-06-20', '270089677', '2024-06-20 17:26:41', '2024-08-14 10:24:10', 50, 30, 0, 90, 130),
(11, 3, 3, 2, 1, 1, '2024-06-20', '1266820220', '2024-06-20 17:28:29', '2024-06-20 17:28:29', 0, 30, 0, 0, 0),
(12, 12, 3, 1, 1, 1, '2024-08-18', '1660054344', '2024-08-18 07:46:08', '2024-08-24 06:06:58', 0, 30, 0, 0, 0);

-- --------------------------------------------------------

--
-- Structure de la table `migrations`
--

CREATE TABLE `migrations` (
  `id` int(10) UNSIGNED NOT NULL,
  `migration` varchar(255) COLLATE utf8mb4_unicode_ci NOT NULL,
  `batch` int(11) NOT NULL
) ENGINE=InnoDB DEFAULT CHARSET=utf8mb4 COLLATE=utf8mb4_unicode_ci;

--
-- Déchargement des données de la table `migrations`
--

INSERT INTO `migrations` (`id`, `migration`, `batch`) VALUES
(4, '2014_10_12_000000_create_users_table', 1),
(5, '2019_08_19_000000_create_failed_jobs_table', 1),
(6, '2022_01_14_120826_create_roles_table', 1),
(7, '2022_01_29_121045_create_sites_table', 2),
(8, '2022_05_31_105154_create_pays_table', 3),
(9, '2022_05_31_113453_create_provinces_table', 3),
(10, '2022_09_19_142233_create_villes_table', 3),
(11, '2022_09_20_053623_create_communes_table', 3),
(12, '2022_09_20_074025_create_quartiers_table', 3),
(13, '2022_09_20_083452_create_avenues_table', 3),
(14, '2024_06_12_124725_create_eleves_table', 4),
(15, '2024_06_12_135009_create_anne_scollaires_table', 5),
(16, '2024_06_12_142636_create_classes_table', 5),
(17, '2024_06_12_150959_create_divisions_table', 5),
(18, '2024_06_12_155039_create_sections_table', 6),
(19, '2024_06_12_161104_create_options_table', 7),
(20, '2024_06_12_164153_create_inscriptions_table', 7),
(21, '2024_06_12_172509_create_presences_table', 7),
(22, '2024_08_07_130600_create_type_tranches_table', 8),
(23, '2024_08_07_132616_create_tranches_table', 8),
(25, '2024_08_08_095115_create_previsions_table', 8),
(26, '2024_08_14_141737_create_clautures_table', 9),
(27, '2024_08_17_150912_create_mois_scolaires_table', 10),
(28, '2024_08_17_150913_create_tvente_fournisseur_table', 11),
(29, '2024_08_17_150914_create_tvente_categorie_produit_table', 11),
(30, '2024_08_17_150915_create_tvente_produit_table', 12),
(31, '2024_08_17_150916_create_tvente_entete_entree_table', 12),
(33, '2024_08_17_150918_create_tvente_entete_requisition_table', 12),
(38, '2024_08_17_150923_create_tvente_taux_table', 12),
(39, '2024_08_17_150924_create_tfin_typeposition_table', 12),
(40, '2024_08_17_150925_create_ttype_mouvement_table', 12),
(41, '2024_08_17_150926_create_tconf_modepaiement_table', 12),
(42, '2024_08_17_150927_create_tfin_typeoperation_table', 12),
(43, '2024_08_17_150928_create_tfin_classe_table', 12),
(44, '2024_08_17_150929_create_tfin_typecompte_table', 12),
(45, '2024_08_17_150930_create_tfin_compte_table', 12),
(46, '2024_08_17_150931_create_tfin_souscompte_table', 12),
(47, '2024_08_17_150932_create_tfin_ssouscompte_table', 12),
(48, '2024_08_17_150932_create_tt_treso_categorie_rubrique_table', 12),
(49, '2024_08_17_150933_create_tt_treso_rubrique_table', 12),
(50, '2024_08_17_150934_create_tt_treso_provenance_table', 12),
(51, '2024_08_17_150935_create_tt_treso_bloc_table', 12),
(52, '2024_08_17_150936_create_tconf_banque', 12),
(53, '2024_08_17_150937_create_tcompte_table', 12),
(54, '2024_08_17_150938_create_tdepense_table', 12),
(55, '2024_08_17_150939_create_tfin_entete_operationcompte_table', 12),
(56, '2024_08_17_150940_create_tfin_detail_operationcompte_table', 12),
(57, '2024_08_17_150941_create_tfin_cloture_comptabilite_table', 12),
(58, '2024_08_17_150942_create_tt_treso_entete_etatbesoin_table', 12),
(59, '2024_08_17_150943_create_ttreso_entete_angagement_table', 12),
(60, '2024_08_17_150944_create_tt_treso_detail_angagement_table', 12),
(61, '2024_08_17_150945_create_tt_treso_detail_etatbesoin_table', 12),
(62, '2024_08_17_150946_create_tfin_cloture_caisse', 12),
(63, '2024_08_17_150947_create_tvente_paiement_table', 13),
(64, '2024_08_17_150948_create_paiements_table', 13),
(65, '2024_08_17_150919_create_tvente_detail_entree_table', 14),
(66, '2024_08_17_150920_create_tvente_detail_vente_table', 14),
(67, '2024_08_17_150921_create_tvente_detail_requisition_table', 14),
(68, '2024_08_17_150917_create_tvente_entete_vente_table', 15),
(69, '2024_09_28_055744_create_tannexe_depense_table', 16),
(70, '2024_10_22_104033_create_periodes_table', 17),
(71, '2024_10_22_105207_create_cat_cours_table', 17),
(72, '2024_10_22_110308_create_cours_table', 17),
(73, '2024_10_22_112801_create_enseignants_table', 18),
(74, '2024_10_22_122043_create_attribution_cours_table', 19),
(75, '2024_10_22_132040_create_cotations_table', 20);

-- --------------------------------------------------------

--
-- Structure de la table `mois_scolaires`
--

CREATE TABLE `mois_scolaires` (
  `id` bigint(20) UNSIGNED NOT NULL,
  `nomMois` varchar(300) COLLATE utf8mb4_unicode_ci NOT NULL,
  `created_at` timestamp NULL DEFAULT NULL,
  `updated_at` timestamp NULL DEFAULT NULL
) ENGINE=InnoDB DEFAULT CHARSET=utf8mb4 COLLATE=utf8mb4_unicode_ci;

--
-- Déchargement des données de la table `mois_scolaires`
--

INSERT INTO `mois_scolaires` (`id`, `nomMois`, `created_at`, `updated_at`) VALUES
(1, 'Janvier', '2024-08-17 14:26:17', '2024-08-17 14:26:17'),
(2, 'Février', '2024-08-17 14:26:29', '2024-08-17 14:26:29'),
(3, 'Mars', '2024-08-17 14:26:35', '2024-08-17 14:26:35'),
(4, 'Avril', '2024-08-17 14:26:43', '2024-08-17 14:26:43'),
(5, 'Mai', '2024-08-17 14:26:49', '2024-08-17 14:26:49'),
(6, 'Juin', '2024-08-17 14:26:53', '2024-08-17 14:26:53'),
(7, 'Juillet', '2024-08-17 14:26:58', '2024-08-17 14:26:58'),
(8, 'Août', '2024-08-17 14:27:06', '2024-08-17 14:28:04'),
(9, 'Septembre', '2024-08-17 14:27:12', '2024-08-17 14:27:12'),
(10, 'Octobre', '2024-08-17 14:27:19', '2024-08-17 14:27:19'),
(11, 'Novembre', '2024-08-17 14:27:25', '2024-08-17 14:27:25'),
(12, 'Décembre', '2024-08-17 14:27:33', '2024-08-17 14:27:44');

-- --------------------------------------------------------

--
-- Structure de la table `options`
--

CREATE TABLE `options` (
  `id` bigint(20) UNSIGNED NOT NULL,
  `idSection` bigint(20) UNSIGNED NOT NULL,
  `nomOption` varchar(250) COLLATE utf8mb4_unicode_ci NOT NULL,
  `created_at` timestamp NULL DEFAULT NULL,
  `updated_at` timestamp NULL DEFAULT NULL
) ENGINE=InnoDB DEFAULT CHARSET=utf8mb4 COLLATE=utf8mb4_unicode_ci;

--
-- Déchargement des données de la table `options`
--

INSERT INTO `options` (`id`, `idSection`, `nomOption`, `created_at`, `updated_at`) VALUES
(1, 1, 'Cycle d\'orientation', '2024-06-19 14:06:10', '2024-10-23 09:55:54'),
(2, 2, 'Commerciale et gestion', '2024-06-19 14:07:23', '2024-10-23 09:57:43'),
(4, 3, 'Secondaire', '2024-06-19 14:08:07', '2024-08-24 06:09:48');

-- --------------------------------------------------------

--
-- Structure de la table `paiements`
--

CREATE TABLE `paiements` (
  `id` bigint(20) UNSIGNED NOT NULL,
  `idTranche` bigint(20) UNSIGNED DEFAULT NULL,
  `idFrais` bigint(20) UNSIGNED DEFAULT NULL,
  `idInscription` bigint(20) UNSIGNED DEFAULT NULL,
  `montant` double DEFAULT NULL,
  `datePaiement` varchar(250) COLLATE utf8mb4_unicode_ci DEFAULT NULL,
  `codePaiement` varchar(250) COLLATE utf8mb4_unicode_ci DEFAULT NULL,
  `idUser` bigint(20) UNSIGNED DEFAULT NULL,
  `refBanque` bigint(20) UNSIGNED DEFAULT NULL,
  `numeroBordereau` varchar(20) COLLATE utf8mb4_unicode_ci DEFAULT NULL,
  `etatPaiement` int(11) NOT NULL DEFAULT 0,
  `created_at` timestamp NULL DEFAULT NULL,
  `updated_at` timestamp NULL DEFAULT NULL
) ENGINE=MyISAM DEFAULT CHARSET=utf8mb4 COLLATE=utf8mb4_unicode_ci;

--
-- Déchargement des données de la table `paiements`
--

INSERT INTO `paiements` (`id`, `idTranche`, `idFrais`, `idInscription`, `montant`, `datePaiement`, `codePaiement`, `idUser`, `refBanque`, `numeroBordereau`, `etatPaiement`, `created_at`, `updated_at`) VALUES
(6, 1, 1, 9, 10, '2024-10-23', '2024-10-28874', 27, 1, '21212211', 1, '2024-10-23 07:05:40', '2024-10-23 09:06:08'),
(7, 1, 1, 5, 50, '2024-10-23', '2024-10-11344', 27, 1, '243434554', 1, '2024-10-23 09:08:24', '2024-10-23 09:09:02'),
(8, 1, 1, 9, 30, '2024-10-23', '2024-10-220496', 27, 2, '123-454-564', 1, '2024-10-23 09:08:52', '2024-10-23 09:08:58'),
(9, 1, 1, 1, 100, '2024-10-23', '2024-10-604551', 27, 1, '122-3GT-2-323', 1, '2024-10-23 09:11:14', '2024-10-23 09:11:21'),
(10, 1, 1, 3, 40, '2024-10-23', '2024-10-497407', 27, 3, '223-Gt31-12', 1, '2024-10-23 09:12:10', '2024-10-23 09:12:16');

-- --------------------------------------------------------

--
-- Structure de la table `pays`
--

CREATE TABLE `pays` (
  `id` bigint(20) UNSIGNED NOT NULL,
  `nomPays` varchar(250) COLLATE utf8mb4_unicode_ci NOT NULL,
  `created_at` timestamp NULL DEFAULT NULL,
  `updated_at` timestamp NULL DEFAULT NULL
) ENGINE=InnoDB DEFAULT CHARSET=utf8mb4 COLLATE=utf8mb4_unicode_ci;

--
-- Déchargement des données de la table `pays`
--

INSERT INTO `pays` (`id`, `nomPays`, `created_at`, `updated_at`) VALUES
(1, 'RDC', '2023-09-04 11:06:39', '2024-06-11 17:11:24'),
(3, 'Rwanda', '2024-01-13 01:35:10', '2024-01-13 01:35:10'),
(4, 'Burundi', '2024-01-13 01:35:22', '2024-01-13 01:35:22'),
(5, 'Ouganda', '2024-01-13 01:35:30', '2024-01-13 01:35:30'),
(6, 'Kenya', '2024-01-13 01:35:39', '2024-01-13 01:35:39'),
(7, 'Tanzanie', '2024-01-13 01:35:47', '2024-01-13 01:35:47');

-- --------------------------------------------------------

--
-- Structure de la table `periodes`
--

CREATE TABLE `periodes` (
  `id` bigint(20) UNSIGNED NOT NULL,
  `nomPeriode` varchar(250) COLLATE utf8mb4_unicode_ci NOT NULL,
  `statutPeriode` int(11) NOT NULL DEFAULT 0,
  `created_at` timestamp NULL DEFAULT NULL,
  `updated_at` timestamp NULL DEFAULT NULL
) ENGINE=InnoDB DEFAULT CHARSET=utf8mb4 COLLATE=utf8mb4_unicode_ci;

--
-- Déchargement des données de la table `periodes`
--

INSERT INTO `periodes` (`id`, `nomPeriode`, `statutPeriode`, `created_at`, `updated_at`) VALUES
(1, '1ère  Période', 1, '2024-10-22 12:07:14', '2024-10-23 11:08:26'),
(2, '2ième Période', 0, '2024-10-22 12:08:06', '2024-10-22 12:08:06'),
(3, 'Examen 1er Trimestre', 0, '2024-10-22 12:08:35', '2024-10-22 12:08:35'),
(4, '3ième Période', 0, '2024-10-22 12:09:04', '2024-10-22 12:09:04'),
(5, '4ième Période', 0, '2024-10-22 12:09:10', '2024-10-22 12:09:10'),
(6, 'Examen 2ième Trimestre', 0, '2024-10-22 12:09:26', '2024-10-22 12:09:26');

-- --------------------------------------------------------

--
-- Structure de la table `presences`
--

CREATE TABLE `presences` (
  `id` bigint(20) UNSIGNED NOT NULL,
  `idInscription` bigint(20) UNSIGNED NOT NULL,
  `date_entree` varchar(250) COLLATE utf8mb4_unicode_ci DEFAULT NULL,
  `date_sortie` varchar(250) COLLATE utf8mb4_unicode_ci DEFAULT NULL,
  `statut_presence` varchar(250) COLLATE utf8mb4_unicode_ci DEFAULT NULL,
  `motif` text COLLATE utf8mb4_unicode_ci DEFAULT NULL,
  `created_at` timestamp NULL DEFAULT NULL,
  `updated_at` timestamp NULL DEFAULT NULL,
  `mouvement` varchar(250) COLLATE utf8mb4_unicode_ci DEFAULT NULL,
  `date1` varchar(250) COLLATE utf8mb4_unicode_ci DEFAULT NULL,
  `date2` varchar(250) COLLATE utf8mb4_unicode_ci DEFAULT NULL
) ENGINE=InnoDB DEFAULT CHARSET=utf8mb4 COLLATE=utf8mb4_unicode_ci;

--
-- Déchargement des données de la table `presences`
--

INSERT INTO `presences` (`id`, `idInscription`, `date_entree`, `date_sortie`, `statut_presence`, `motif`, `created_at`, `updated_at`, `mouvement`, `date1`, `date2`) VALUES
(12, 4, '2024-06-22', NULL, 'Présent(e)', NULL, '2024-06-22 15:16:26', '2024-06-22 15:16:26', 'Arrivé', '2024-06-22 17:16:26', NULL),
(13, 6, '2024-06-22', NULL, 'Présent(e)', NULL, '2024-06-22 15:40:56', '2024-06-22 15:40:56', 'Arrivé', '2024-06-22 17:40:56', NULL),
(14, 7, '2024-06-22', NULL, 'Présent(e)', NULL, '2024-06-22 15:41:06', '2024-06-22 15:41:06', 'Arrivé', '2024-06-22 17:41:06', NULL),
(15, 9, '2024-06-22', NULL, 'Présent(e)', NULL, '2024-06-22 15:41:46', '2024-06-22 15:41:46', 'Arrivé', '2024-06-22 17:41:46', NULL),
(16, 11, '2024-06-22', NULL, 'Présent(e)', NULL, '2024-06-22 15:41:52', '2024-06-22 15:41:52', 'Arrivé', '2024-06-22 17:41:52', NULL),
(17, 1, '2024-06-22', NULL, 'Présent(e)', NULL, '2024-06-22 15:42:02', '2024-06-22 15:42:02', 'Arrivé', '2024-06-22 17:42:02', NULL),
(18, 3, '2024-06-22', NULL, 'Présent(e)', NULL, '2024-06-22 15:42:09', '2024-06-22 15:42:09', 'Arrivé', '2024-06-22 17:42:09', NULL),
(19, 5, '2024-06-22', NULL, 'Présent(e)', NULL, '2024-06-22 15:42:18', '2024-06-22 15:42:18', 'Arrivé', '2024-06-22 17:42:18', NULL),
(20, 8, '2024-06-22', NULL, 'Excusé(e)', 'Malade', '2024-06-22 15:42:22', '2024-06-22 15:49:40', 'Arrivé', '2024-06-22 17:49:40', ' 17:49:40'),
(22, 1, '2024-06-25', NULL, 'Présent(e)', NULL, '2024-06-25 09:49:07', '2024-06-25 09:49:07', 'Arrivé', '2024-06-25 11:49:07', NULL),
(23, 4, '2024-06-25', NULL, 'Présent(e)', NULL, '2024-06-25 09:50:50', '2024-06-25 09:50:50', 'Arrivé', '2024-06-25 11:50:50', NULL),
(24, 7, '2024-06-25', NULL, 'Présent(e)', NULL, '2024-06-25 09:51:59', '2024-06-25 09:51:59', 'Arrivé', '2024-06-25 11:51:59', NULL),
(25, 3, '2024-06-25', NULL, 'Présent(e)', NULL, '2024-06-25 09:53:19', '2024-06-25 09:53:19', 'Arrivé', '2024-06-25 11:53:19', NULL),
(26, 9, '2024-06-25', NULL, 'Présent(e)', NULL, '2024-06-25 09:56:54', '2024-06-25 09:56:54', 'Arrivé', '2024-06-25 11:56:54', NULL),
(27, 5, '2024-06-25', NULL, 'Présent(e)', NULL, '2024-06-25 10:08:58', '2024-06-25 10:08:58', 'Arrivé', '2024-06-25 12:08:58', NULL),
(28, 8, '2024-06-25', NULL, 'Présent(e)', NULL, '2024-06-25 10:09:07', '2024-06-25 10:09:07', 'Arrivé', '2024-06-25 12:09:07', NULL),
(31, 8, '2024-06-23', NULL, 'Présent(e)', NULL, '2024-06-25 12:05:34', '2024-06-25 12:05:34', 'Arrivé', '2024-06-23 14:05:34', NULL),
(32, 8, '2024-06-24', NULL, 'Absent(e)', NULL, '2024-06-25 12:06:01', '2024-06-25 12:06:01', 'Arrivé', '2024-06-24 14:06:01', NULL),
(33, 8, '2024-06-21', NULL, 'Excusé(e)', 'Maladie: Bas ventre', '2024-06-25 12:06:45', '2024-06-25 12:06:45', 'Arrivé', '2024-06-21 14:06:45', ' 14:06:45'),
(34, 2, '2024-06-25', NULL, 'Présent(e)', NULL, '2024-06-25 12:16:25', '2024-06-25 12:16:25', 'Arrivé', '2024-06-25 14:16:25', NULL),
(35, 2, '2024-06-24', NULL, 'Présent(e)', NULL, '2024-06-25 12:17:13', '2024-06-25 12:17:13', 'Arrivé', '2024-06-24 14:17:13', NULL),
(36, 2, '2024-06-23', NULL, 'Absent(e)', NULL, '2024-06-25 12:17:28', '2024-06-25 12:17:28', 'Arrivé', '2024-06-23 14:17:28', NULL),
(37, 2, '2024-06-22', '2024-06-25', 'Excusé(e)', 'Made', '2024-06-25 12:17:49', '2024-06-25 12:17:49', 'Arrivé', '2024-06-22 14:17:49', '2024-06-25 14:17:49'),
(38, 2, '2024-06-21', NULL, 'Présent(e)', NULL, '2024-06-25 12:18:07', '2024-06-25 12:18:07', 'Arrivé', '2024-06-21 14:18:07', NULL),
(39, 2, '2024-06-20', NULL, 'Présent(e)', NULL, '2024-06-25 12:18:14', '2024-06-25 12:18:14', 'Arrivé', '2024-06-20 14:18:14', NULL),
(40, 2, '2024-06-19', NULL, 'Présent(e)', NULL, '2024-06-25 12:18:21', '2024-06-25 12:18:21', 'Arrivé', '2024-06-19 14:18:20', NULL),
(41, 2, '2024-06-18', NULL, 'Présent(e)', NULL, '2024-06-25 12:18:29', '2024-06-25 12:18:29', 'Arrivé', '2024-06-18 14:18:28', NULL),
(42, 6, '2024-07-01', NULL, 'Présent(e)', NULL, '2024-07-01 07:48:19', '2024-07-01 07:48:19', 'Arrivé', '2024-07-01 09:48:19', NULL),
(43, 4, '2024-08-08', NULL, 'Présent(e)', NULL, '2024-08-08 11:33:35', '2024-08-08 11:33:35', 'Arrivé', '2024-08-08 13:33:35', NULL),
(44, 7, '2024-08-08', NULL, 'Présent(e)', NULL, '2024-08-08 11:34:18', '2024-08-08 11:34:18', 'Arrivé', '2024-08-08 13:34:18', NULL),
(45, 3, '2024-08-08', NULL, 'Présent(e)', NULL, '2024-08-08 11:35:20', '2024-08-08 11:35:20', 'Arrivé', '2024-08-08 13:35:19', NULL),
(46, 5, '2024-08-08', NULL, 'Présent(e)', NULL, '2024-08-08 11:35:26', '2024-08-08 11:35:26', 'Arrivé', '2024-08-08 13:35:26', NULL),
(47, 1, '2024-08-08', NULL, 'Présent(e)', NULL, '2024-08-08 11:35:29', '2024-08-08 11:35:29', 'Arrivé', '2024-08-08 13:35:29', NULL),
(48, 2, '2024-08-08', NULL, 'Présent(e)', NULL, '2024-08-08 11:35:34', '2024-08-08 11:35:34', 'Arrivé', '2024-08-08 13:35:34', NULL),
(49, 6, '2024-08-08', NULL, 'Présent(e)', NULL, '2024-08-08 11:35:39', '2024-08-08 11:35:39', 'Arrivé', '2024-08-08 13:35:39', NULL),
(50, 9, '2024-08-08', NULL, 'Présent(e)', NULL, '2024-08-08 11:35:52', '2024-08-08 11:35:52', 'Arrivé', '2024-08-08 13:35:52', NULL),
(51, 8, '2024-08-08', NULL, 'Présent(e)', NULL, '2024-08-08 11:36:00', '2024-08-08 11:36:00', 'Arrivé', '2024-08-08 13:36:00', NULL),
(52, 12, '2024-08-18', NULL, 'Présent(e)', NULL, '2024-08-18 07:46:42', '2024-08-18 07:46:42', 'Arrivé', '2024-08-18 09:46:42', NULL),
(53, 9, '2024-10-14', NULL, 'Présent(e)', NULL, '2024-10-14 14:35:59', '2024-10-14 14:35:59', 'Arrivé', '2024-10-14 16:35:59', NULL),
(54, 3, '2024-10-23', NULL, 'Présent(e)', NULL, '2024-10-23 06:12:07', '2024-10-23 06:12:07', 'Arrivé', '2024-10-23 08:12:07', NULL);

-- --------------------------------------------------------

--
-- Structure de la table `previsions`
--

CREATE TABLE `previsions` (
  `id` bigint(20) UNSIGNED NOT NULL,
  `idTranche` bigint(20) UNSIGNED DEFAULT NULL,
  `idFrais` bigint(20) UNSIGNED DEFAULT NULL,
  `idClasse` bigint(20) UNSIGNED DEFAULT NULL,
  `idAnne` bigint(20) UNSIGNED DEFAULT NULL,
  `idOption` bigint(20) UNSIGNED DEFAULT NULL,
  `montant` double DEFAULT NULL,
  `etatPrevision` int(11) NOT NULL DEFAULT 0,
  `created_at` timestamp NULL DEFAULT NULL,
  `updated_at` timestamp NULL DEFAULT NULL,
  `date_debit_prev` varchar(250) COLLATE utf8mb4_unicode_ci DEFAULT NULL,
  `date_fin_prev` varchar(250) COLLATE utf8mb4_unicode_ci DEFAULT NULL
) ENGINE=InnoDB DEFAULT CHARSET=utf8mb4 COLLATE=utf8mb4_unicode_ci;

--
-- Déchargement des données de la table `previsions`
--

INSERT INTO `previsions` (`id`, `idTranche`, `idFrais`, `idClasse`, `idAnne`, `idOption`, `montant`, `etatPrevision`, `created_at`, `updated_at`, `date_debit_prev`, `date_fin_prev`) VALUES
(1, 1, 1, 1, 3, 2, 75, 0, '2024-08-08 12:56:03', '2024-08-08 12:56:03', '2024-09-01', '2024-11-01'),
(2, 1, 1, 1, 3, 1, 75, 0, '2024-08-09 06:37:39', '2024-08-09 06:37:39', '2024-09-01', '2024-11-01'),
(3, 1, 1, 2, 3, 1, 50, 0, '2024-08-09 06:51:48', '2024-08-09 06:51:48', '2024-09-01', '2024-11-01'),
(4, 1, 1, 3, 3, 1, 50, 0, '2024-08-09 06:51:52', '2024-08-09 06:51:52', '2024-09-01', '2024-11-01'),
(5, 1, 1, 4, 3, 1, 50, 0, '2024-08-09 06:51:55', '2024-08-09 06:51:55', '2024-09-01', '2024-11-01'),
(6, 2, 1, 1, 3, 1, 50, 0, '2024-08-09 06:52:01', '2024-08-09 06:52:01', '2024-11-01', '2025-01-01'),
(7, 2, 1, 2, 3, 1, 50, 0, '2024-08-09 06:52:05', '2024-08-09 06:52:05', '2024-11-01', '2025-01-01'),
(8, 2, 1, 3, 3, 1, 50, 0, '2024-08-09 06:52:09', '2024-08-09 06:52:09', '2024-11-01', '2025-01-01'),
(9, 2, 1, 4, 3, 1, 50, 0, '2024-08-09 06:52:17', '2024-08-09 06:52:17', '2024-11-01', '2025-01-01'),
(10, 3, 1, 1, 3, 1, 50, 0, '2024-08-09 06:52:35', '2024-08-09 06:52:35', '2025-01-01', '2025-03-01'),
(11, 3, 1, 2, 3, 1, 50, 0, '2024-08-09 06:52:38', '2024-08-09 06:52:38', '2025-01-01', '2025-03-01'),
(12, 3, 1, 3, 3, 1, 50, 0, '2024-08-09 06:52:41', '2024-08-09 06:52:41', '2025-01-01', '2025-03-01'),
(13, 3, 1, 4, 3, 1, 50, 0, '2024-08-09 06:52:45', '2024-08-09 06:52:45', '2025-01-01', '2025-03-01'),
(14, 1, 1, 1, 3, 4, 50, 0, '2024-08-09 06:55:46', '2024-08-09 06:55:46', '2024-09-01', '2024-11-01'),
(15, 1, 1, 2, 3, 4, 50, 0, '2024-08-09 06:55:50', '2024-08-09 06:55:50', '2024-09-01', '2024-11-01'),
(16, 1, 1, 3, 3, 4, 50, 0, '2024-08-09 06:55:54', '2024-08-09 06:55:54', '2024-09-01', '2024-11-01'),
(17, 1, 1, 1, 3, 2, 50, 0, '2024-08-09 06:56:13', '2024-08-09 06:56:13', '2024-09-01', '2024-11-01'),
(18, 1, 1, 2, 3, 2, 50, 0, '2024-08-09 06:56:16', '2024-08-09 06:56:16', '2024-09-01', '2024-11-01'),
(19, 1, 1, 3, 3, 2, 50, 0, '2024-08-09 06:56:19', '2024-08-09 06:56:19', '2024-09-01', '2024-11-01'),
(22, 2, 1, 3, 3, 2, 50, 0, '2024-08-09 06:56:38', '2024-08-09 06:56:38', '2024-11-01', '2025-01-01'),
(23, 2, 1, 2, 3, 2, 50, 0, '2024-08-09 06:56:40', '2024-08-09 06:56:40', '2024-11-01', '2025-01-01'),
(24, 2, 1, 1, 3, 2, 50, 0, '2024-08-09 06:56:43', '2024-08-09 06:56:43', '2024-11-01', '2025-01-01'),
(25, 3, 1, 1, 3, 2, 75, 0, '2024-08-09 06:56:49', '2024-08-09 06:56:49', '2025-01-01', '2025-03-01'),
(26, 3, 1, 2, 3, 2, 75, 0, '2024-08-09 06:56:52', '2024-08-09 06:56:52', '2025-01-01', '2025-03-01'),
(27, 3, 1, 3, 3, 2, 75, 0, '2024-08-09 06:56:55', '2024-08-09 06:56:55', '2025-01-01', '2025-03-01'),
(42, 1, 6, 4, 3, 1, 30, 0, '2024-08-09 06:59:48', '2024-08-09 06:59:48', '2024-09-01', '2024-11-01'),
(43, 1, 6, 3, 3, 1, 15, 0, '2024-08-09 06:59:57', '2024-08-09 06:59:57', '2024-09-01', '2024-11-01'),
(44, 1, 6, 2, 3, 1, 15, 0, '2024-08-09 07:00:00', '2024-08-09 07:00:00', '2024-09-01', '2024-11-01'),
(45, 1, 6, 1, 3, 1, 15, 0, '2024-08-09 07:00:02', '2024-08-09 07:00:02', '2024-09-01', '2024-11-01'),
(46, 1, 6, 1, 3, 1, 15, 0, '2024-08-09 07:02:12', '2024-08-09 07:02:12', '2024-09-01', '2024-11-01'),
(47, 2, 2, 1, 3, 1, 15, 0, '2024-08-09 07:03:59', '2024-08-09 07:03:59', '2024-11-01', '2025-01-01'),
(48, 2, 2, 2, 3, 1, 15, 0, '2024-08-09 07:04:02', '2024-08-09 07:04:02', '2024-11-01', '2025-01-01'),
(49, 2, 2, 3, 3, 1, 15, 0, '2024-08-09 07:04:04', '2024-08-09 07:04:04', '2024-11-01', '2025-01-01'),
(50, 2, 2, 4, 3, 1, 15, 0, '2024-08-09 07:04:08', '2024-08-09 07:04:08', '2024-11-01', '2025-01-01'),
(51, 2, 3, 1, 3, 4, 10, 0, '2024-08-09 07:04:27', '2024-08-09 07:04:27', '2024-11-01', '2025-01-01'),
(52, 2, 3, 2, 3, 4, 10, 0, '2024-08-09 07:04:30', '2024-08-09 07:04:30', '2024-11-01', '2025-01-01'),
(53, 2, 3, 3, 3, 4, 10, 0, '2024-08-09 07:04:32', '2024-08-09 07:04:32', '2024-11-01', '2025-01-01'),
(54, 2, 3, 4, 3, 4, 10, 0, '2024-08-09 07:04:34', '2024-08-09 07:04:34', '2024-11-01', '2025-01-01'),
(61, 1, 1, 4, 3, 2, 930, 0, '2024-09-18 17:27:22', '2024-09-18 17:27:22', '2024-09-18', '2024-09-22');

-- --------------------------------------------------------

--
-- Structure de la table `provinces`
--

CREATE TABLE `provinces` (
  `id` bigint(20) UNSIGNED NOT NULL,
  `idPays` int(11) NOT NULL,
  `nomProvince` varchar(250) COLLATE utf8mb4_unicode_ci NOT NULL,
  `created_at` timestamp NULL DEFAULT NULL,
  `updated_at` timestamp NULL DEFAULT NULL
) ENGINE=InnoDB DEFAULT CHARSET=utf8mb4 COLLATE=utf8mb4_unicode_ci;

--
-- Déchargement des données de la table `provinces`
--

INSERT INTO `provinces` (`id`, `idPays`, `nomProvince`, `created_at`, `updated_at`) VALUES
(1, 1, 'Nord kivu', '2023-09-04 11:09:30', '2023-09-04 11:12:12'),
(2, 1, 'Maniema', '2023-09-04 11:09:47', '2023-09-04 11:09:47'),
(4, 1, 'Kinshasa', '2024-01-13 01:40:32', '2024-01-13 01:40:32'),
(5, 1, 'Sud-Kivu', '2024-01-13 01:41:00', '2024-01-13 01:41:00');

-- --------------------------------------------------------

--
-- Structure de la table `quartiers`
--

CREATE TABLE `quartiers` (
  `id` bigint(20) UNSIGNED NOT NULL,
  `idCommune` int(11) NOT NULL,
  `nomQuartier` varchar(250) COLLATE utf8mb4_unicode_ci NOT NULL,
  `created_at` timestamp NULL DEFAULT NULL,
  `updated_at` timestamp NULL DEFAULT NULL
) ENGINE=InnoDB DEFAULT CHARSET=utf8mb4 COLLATE=utf8mb4_unicode_ci;

--
-- Déchargement des données de la table `quartiers`
--

INSERT INTO `quartiers` (`id`, `idCommune`, `nomQuartier`, `created_at`, `updated_at`) VALUES
(2, 2, 'Mabanga sud', '2023-09-04 11:28:03', '2023-09-04 11:28:03'),
(3, 2, 'Mabanga nord', '2023-09-04 11:28:34', '2023-09-04 11:28:42'),
(4, 2, 'Katoyi', '2023-09-04 11:29:10', '2023-09-04 11:29:10'),
(5, 1, 'Kyeshero', '2023-09-04 11:29:32', '2024-01-15 07:11:08'),
(7, 1, 'Les volcans', '2024-01-13 01:56:55', '2024-01-13 01:56:55'),
(8, 1, 'Katindo', '2024-01-13 01:57:12', '2024-01-13 01:57:12'),
(9, 1, 'Himbi 1', '2024-01-15 07:12:03', '2024-01-15 07:22:02'),
(10, 2, 'Murara', '2024-01-15 07:12:31', '2024-01-15 07:12:31'),
(11, 2, 'Turunga', '2024-01-15 07:13:37', '2024-01-15 07:39:36'),
(12, 2, 'Majengo', '2024-01-15 07:13:58', '2024-01-15 07:13:58'),
(13, 2, 'Kasika', '2024-01-15 07:14:29', '2024-01-15 07:14:29'),
(14, 1, 'Mugunga', '2024-01-15 07:15:19', '2024-01-15 07:15:19'),
(15, 1, 'CCLK', '2024-01-15 07:15:34', '2024-01-15 07:15:34'),
(16, 2, 'Bujovu', '2024-01-15 07:16:47', '2024-01-15 07:17:48'),
(17, 1, 'Mapendo', '2024-01-15 07:17:05', '2024-01-15 07:17:05'),
(18, 2, 'Kahembe', '2024-01-15 07:17:41', '2024-01-15 07:17:41'),
(19, 2, 'Katoyi', '2024-01-15 07:18:12', '2024-01-15 07:18:12'),
(20, 2, 'Katindo 2', '2024-01-15 07:18:45', '2024-01-15 07:18:45'),
(21, 2, 'Buhene', '2024-01-15 07:19:11', '2024-01-15 07:19:11'),
(22, 2, 'Don bosco ngangi', '2024-01-15 07:19:29', '2024-01-15 07:19:29'),
(23, 1, 'Himbi 2', '2024-01-15 07:21:50', '2024-01-15 07:21:50'),
(24, 1, 'Nyarubande', '2024-01-15 07:22:33', '2024-01-15 07:22:33'),
(25, 2, 'Autre', '2024-01-15 07:23:18', '2024-01-15 07:23:18'),
(26, 1, 'Autre', '2024-01-15 07:23:39', '2024-01-15 07:23:39'),
(27, 2, 'Virunga', '2024-04-05 04:03:48', '2024-04-05 04:03:48'),
(28, 2, 'Ndosho', '2024-04-05 04:04:09', '2024-06-11 17:49:38');

-- --------------------------------------------------------

--
-- Structure de la table `roles`
--

CREATE TABLE `roles` (
  `id` bigint(20) UNSIGNED NOT NULL,
  `nom` varchar(300) COLLATE utf8mb4_unicode_ci NOT NULL,
  `created_at` timestamp NULL DEFAULT NULL,
  `updated_at` timestamp NULL DEFAULT NULL
) ENGINE=InnoDB DEFAULT CHARSET=utf8mb4 COLLATE=utf8mb4_unicode_ci;

--
-- Déchargement des données de la table `roles`
--

INSERT INTO `roles` (`id`, `nom`, `created_at`, `updated_at`) VALUES
(1, 'Admin', '2023-08-25 09:55:35', '2024-06-10 12:26:18'),
(2, 'User', '2023-08-25 09:55:35', '2023-08-25 09:07:32'),
(3, 'Member', '2024-06-10 12:33:22', '2024-06-10 12:33:37');

-- --------------------------------------------------------

--
-- Structure de la table `sections`
--

CREATE TABLE `sections` (
  `id` bigint(20) UNSIGNED NOT NULL,
  `nomSection` varchar(250) COLLATE utf8mb4_unicode_ci NOT NULL,
  `created_at` timestamp NULL DEFAULT NULL,
  `updated_at` timestamp NULL DEFAULT NULL
) ENGINE=InnoDB DEFAULT CHARSET=utf8mb4 COLLATE=utf8mb4_unicode_ci;

--
-- Déchargement des données de la table `sections`
--

INSERT INTO `sections` (`id`, `nomSection`, `created_at`, `updated_at`) VALUES
(1, 'Secondaire', '2024-06-19 12:24:40', '2024-10-23 11:26:07'),
(2, 'Technique', '2024-06-19 12:24:54', '2024-10-23 09:57:09'),
(3, 'Mathématique', '2024-06-19 12:25:18', '2024-10-23 11:26:02');

-- --------------------------------------------------------

--
-- Structure de la table `sites`
--

CREATE TABLE `sites` (
  `id` bigint(20) UNSIGNED NOT NULL,
  `nom` varchar(250) COLLATE utf8mb4_unicode_ci DEFAULT NULL,
  `description` text COLLATE utf8mb4_unicode_ci DEFAULT NULL,
  `email` varchar(250) COLLATE utf8mb4_unicode_ci DEFAULT NULL,
  `adresse` varchar(250) COLLATE utf8mb4_unicode_ci DEFAULT NULL,
  `tel1` varchar(250) COLLATE utf8mb4_unicode_ci DEFAULT NULL,
  `tel2` varchar(250) COLLATE utf8mb4_unicode_ci DEFAULT NULL,
  `tel3` varchar(250) COLLATE utf8mb4_unicode_ci DEFAULT NULL,
  `token` varchar(250) COLLATE utf8mb4_unicode_ci DEFAULT NULL,
  `about` varchar(250) COLLATE utf8mb4_unicode_ci DEFAULT NULL,
  `mission` varchar(250) COLLATE utf8mb4_unicode_ci DEFAULT NULL,
  `objectif` varchar(250) COLLATE utf8mb4_unicode_ci DEFAULT NULL,
  `politique` text COLLATE utf8mb4_unicode_ci DEFAULT NULL,
  `condition` text COLLATE utf8mb4_unicode_ci DEFAULT NULL,
  `logo` varchar(250) COLLATE utf8mb4_unicode_ci DEFAULT NULL,
  `facebook` varchar(500) COLLATE utf8mb4_unicode_ci DEFAULT NULL,
  `linkedin` varchar(500) COLLATE utf8mb4_unicode_ci DEFAULT NULL,
  `twitter` varchar(500) COLLATE utf8mb4_unicode_ci DEFAULT NULL,
  `youtube` varchar(500) COLLATE utf8mb4_unicode_ci DEFAULT NULL,
  `created_at` timestamp NULL DEFAULT NULL,
  `updated_at` timestamp NULL DEFAULT NULL
) ENGINE=InnoDB DEFAULT CHARSET=utf8mb4 COLLATE=utf8mb4_unicode_ci;

--
-- Déchargement des données de la table `sites`
--

INSERT INTO `sites` (`id`, `nom`, `description`, `email`, `adresse`, `tel1`, `tel2`, `tel3`, `token`, `about`, `mission`, `objectif`, `politique`, `condition`, `logo`, `facebook`, `linkedin`, `twitter`, `youtube`, `created_at`, `updated_at`) VALUES
(1, 'Lycée moderne les élites', 'Lycée moderne les élites Système est une application de gestion des données scolaires', 'lycemoderne@gmail.com', 'Goma commune de Karisimbi,  quartier Mabanga sud, avenue mushanganya', '+243817883541', '+243854543870', '+243970524665', NULL, NULL, 'mission', 'objectif', 'politique', 'condition', '1692963266.jpg', 'https://web.facebook.com/dreamofdrc', NULL, NULL, NULL, '2023-08-25 09:22:16', '2024-08-10 09:16:46');

-- --------------------------------------------------------

--
-- Structure de la table `tannexe_depense`
--

CREATE TABLE `tannexe_depense` (
  `id` bigint(20) UNSIGNED NOT NULL,
  `noms_annexe` varchar(255) COLLATE utf8mb4_unicode_ci NOT NULL,
  `refDepense` bigint(20) UNSIGNED NOT NULL,
  `annexe` varchar(255) COLLATE utf8mb4_unicode_ci NOT NULL,
  `author` varchar(255) COLLATE utf8mb4_unicode_ci NOT NULL,
  `deleted` varchar(255) COLLATE utf8mb4_unicode_ci NOT NULL DEFAULT 'NON',
  `author_deleted` varchar(255) COLLATE utf8mb4_unicode_ci NOT NULL DEFAULT 'user',
  `created_at` timestamp NULL DEFAULT NULL,
  `updated_at` timestamp NULL DEFAULT NULL
) ENGINE=MyISAM DEFAULT CHARSET=utf8mb4 COLLATE=utf8mb4_unicode_ci;

--
-- Déchargement des données de la table `tannexe_depense`
--

INSERT INTO `tannexe_depense` (`id`, `noms_annexe`, `refDepense`, `annexe`, `author`, `deleted`, `author_deleted`, `created_at`, `updated_at`) VALUES
(1, 'ACHAT DES MATERIELS DE CHANTIER', 14, '1727549595.png', '', 'NON', 'user', '2024-09-28 16:53:16', '2024-09-28 16:53:16'),
(2, 'Facture d\'achat', 19, '1729187543.jpg', '', 'NON', 'user', '2024-10-17 15:52:23', '2024-10-17 15:52:23'),
(4, 'preuve de la facture', 21, '1729351402.jpg', '', 'NON', 'user', '2024-10-19 13:13:52', '2024-10-19 13:23:22');

-- --------------------------------------------------------

--
-- Structure de la table `tcompte`
--

CREATE TABLE `tcompte` (
  `id` bigint(20) UNSIGNED NOT NULL,
  `designation` varchar(100) COLLATE utf8mb4_unicode_ci NOT NULL,
  `refMvt` bigint(20) UNSIGNED NOT NULL,
  `refSscompte` bigint(20) UNSIGNED NOT NULL,
  `created_at` timestamp NULL DEFAULT NULL,
  `updated_at` timestamp NULL DEFAULT NULL
) ENGINE=MyISAM DEFAULT CHARSET=utf8mb4 COLLATE=utf8mb4_unicode_ci;

--
-- Déchargement des données de la table `tcompte`
--

INSERT INTO `tcompte` (`id`, `designation`, `refMvt`, `refSscompte`, `created_at`, `updated_at`) VALUES
(1, 'PAIEMENT DES FRAIS SCOLAIRES', 1, 4, '2024-09-02 05:15:35', '2024-09-02 05:15:35'),
(2, 'VENTES DES FOURNITURES SCOLAIRES', 1, 4, '2024-09-02 05:15:59', '2024-09-02 05:15:59'),
(3, 'PAIEMENT AGENTS', 2, 5, '2024-09-02 05:19:41', '2024-09-02 05:19:41'),
(4, 'CONTRUCTIONS', 2, 5, '2024-09-02 05:20:14', '2024-09-02 05:20:14'),
(5, 'DEPENSES DIVERSES', 2, 5, '2024-09-02 05:20:45', '2024-09-02 05:20:45');

-- --------------------------------------------------------

--
-- Structure de la table `tconf_banque`
--

CREATE TABLE `tconf_banque` (
  `id` bigint(20) UNSIGNED NOT NULL,
  `nom_banque` varchar(100) COLLATE utf8mb4_unicode_ci NOT NULL,
  `numerocompte` varchar(50) COLLATE utf8mb4_unicode_ci NOT NULL,
  `nom_mode` varchar(20) COLLATE utf8mb4_unicode_ci NOT NULL,
  `refSscompte` bigint(20) UNSIGNED NOT NULL,
  `author` varchar(100) COLLATE utf8mb4_unicode_ci NOT NULL,
  `created_at` timestamp NULL DEFAULT NULL,
  `updated_at` timestamp NULL DEFAULT NULL
) ENGINE=MyISAM DEFAULT CHARSET=utf8mb4 COLLATE=utf8mb4_unicode_ci;

--
-- Déchargement des données de la table `tconf_banque`
--

INSERT INTO `tconf_banque` (`id`, `nom_banque`, `numerocompte`, `nom_mode`, `refSscompte`, `author`, `created_at`, `updated_at`) VALUES
(1, 'CAISSE', '00000000000', 'CASH', 3, 'Roger Admin', '2024-09-02 03:33:24', '2024-09-02 03:33:24'),
(2, 'EQUITY BANK', '23009876545678', 'BANQUE', 2, 'Roger Admin', '2024-09-02 03:34:31', '2024-09-02 03:34:31'),
(3, 'ROW BANK', '5670098765456', 'BANQUE', 2, 'Roger Admin', '2024-09-02 03:34:58', '2024-09-02 03:34:58');

-- --------------------------------------------------------

--
-- Structure de la table `tconf_modepaiement`
--

CREATE TABLE `tconf_modepaiement` (
  `id` bigint(20) UNSIGNED NOT NULL,
  `designation` varchar(20) COLLATE utf8mb4_unicode_ci NOT NULL,
  `created_at` timestamp NULL DEFAULT NULL,
  `updated_at` timestamp NULL DEFAULT NULL
) ENGINE=MyISAM DEFAULT CHARSET=utf8mb4 COLLATE=utf8mb4_unicode_ci;

--
-- Déchargement des données de la table `tconf_modepaiement`
--

INSERT INTO `tconf_modepaiement` (`id`, `designation`, `created_at`, `updated_at`) VALUES
(1, 'CASH', '2024-09-02 03:15:01', '2024-09-02 03:15:01'),
(2, 'BANQUE', '2024-09-02 03:15:15', '2024-09-02 03:15:15');

-- --------------------------------------------------------

--
-- Structure de la table `tdepense`
--

CREATE TABLE `tdepense` (
  `id` bigint(20) UNSIGNED NOT NULL,
  `created_at` timestamp NULL DEFAULT NULL,
  `updated_at` timestamp NULL DEFAULT NULL,
  `montant` double NOT NULL DEFAULT 0,
  `montantLettre` varchar(100) DEFAULT NULL,
  `motif` varchar(255) DEFAULT NULL,
  `dateOperation` varchar(255) DEFAULT NULL,
  `refMvt` int(11) DEFAULT NULL,
  `refCompte` int(11) DEFAULT NULL,
  `modepaie` varchar(20) DEFAULT NULL,
  `refBanque` bigint(20) DEFAULT NULL,
  `numeroBordereau` varchar(50) DEFAULT NULL,
  `taux_dujour` double DEFAULT NULL,
  `AcquitterPar` varchar(50) DEFAULT NULL,
  `StatutAcquitterPar` varchar(5) DEFAULT 'NON',
  `DateAcquitterPar` datetime DEFAULT NULL,
  `ApproCoordi` varchar(50) DEFAULT NULL,
  `StatutApproCoordi` varchar(5) DEFAULT 'NON',
  `DateApproCoordi` datetime DEFAULT NULL,
  `numeroBE` varchar(50) DEFAULT '00000',
  `author` varchar(255) NOT NULL,
  `deleted` varchar(5) NOT NULL DEFAULT 'NON',
  `author_deleted` varchar(50) DEFAULT NULL
) ENGINE=InnoDB DEFAULT CHARSET=utf8;

--
-- Déchargement des données de la table `tdepense`
--

INSERT INTO `tdepense` (`id`, `created_at`, `updated_at`, `montant`, `montantLettre`, `motif`, `dateOperation`, `refMvt`, `refCompte`, `modepaie`, `refBanque`, `numeroBordereau`, `taux_dujour`, `AcquitterPar`, `StatutAcquitterPar`, `DateAcquitterPar`, `ApproCoordi`, `StatutApproCoordi`, `DateApproCoordi`, `numeroBE`, `author`, `deleted`, `author_deleted`) VALUES
(5, '2023-09-18 01:45:51', '2023-09-18 01:46:01', 60, '60', 'PAIEMENT TAXES DE L\'ETAT', '2023-09-13', 2, 7, 'BANQUE', 2, '0000000', 2300, 'administrateur', 'OUI', '2023-09-18 00:00:00', 'administrateur', 'OUI', '2023-09-18 00:00:00', 'BE20239001', 'administrateur', 'NON', NULL),
(6, '2023-09-18 02:34:31', '2023-09-18 02:34:31', 20, '20', 'ENTREE', '2023-09-18', 1, 6, 'CASH', 1, '00000', 2300, NULL, 'NON', NULL, NULL, 'NON', NULL, NULL, 'administrateur', 'NON', NULL),
(7, '2024-09-02 07:24:58', '2024-09-02 07:25:29', 200, 'DEUX CENTS', 'VENTE DES SERVICES', '2024-09-02', 1, 2, 'CASH', 1, '000', 2800, 'Roger Admin', 'OUI', '2024-09-02 00:00:00', 'Roger Admin', 'OUI', '2024-09-02 00:00:00', NULL, 'Roger Admin', 'NON', NULL),
(8, '2024-09-02 09:00:16', '2024-09-02 09:00:25', 0, 'DEUX CENTS', 'ACHAT MATERIELS', '2024-09-02', 2, 5, 'CASH', 1, '000', 2800, 'Roger Admin', 'OUI', '2024-09-02 00:00:00', 'Roger Admin', 'OUI', '2024-09-02 00:00:00', 'BE20249003', 'Roger Admin', 'NON', NULL),
(13, '2024-09-02 09:37:06', '2024-09-02 11:32:56', 20, 'USD', 'PAIEMENT FRAIS SCOLAIRE', '2024-09-02', 1, 1, 'CASH', 1, '00000000', 2800, 'Roger Admin', 'OUI', '2024-09-02 00:00:00', 'Roger Admin', 'OUI', '2024-09-02 00:00:00', '00000', 'Roger Admin', 'NON', NULL),
(14, '2024-09-02 11:27:04', '2024-09-02 11:28:38', 30, 'TRENTE', 'RESTAURATION AGENT', '2024-09-03', 2, 5, 'CASH', 1, '000', 2800, 'Roger Admin', 'OUI', '2024-09-02 00:00:00', 'Roger Admin', 'OUI', '2024-09-02 00:00:00', '0000', 'Roger Admin', 'NON', NULL),
(19, '2024-10-17 15:26:08', '2024-10-17 15:26:52', 35, 'trente cinq', 'vente des fournitures scolaires', '2024-10-17', 1, 2, 'BANQUE', 3, '323-343', 2800, 'Roger Admin', 'OUI', '2024-10-17 00:00:00', 'Roger Admin', 'OUI', '2024-10-17 00:00:00', NULL, 'Roger Admin', 'NON', NULL),
(20, '2024-10-19 11:24:13', '2024-10-19 11:25:18', 34, 'trente quatre', 'Paiement', '2024-10-19', 1, 1, 'CASH', 1, '3343-5-4-333', 2800, 'Roger Admin', 'OUI', '2024-10-19 00:00:00', 'Roger Admin', 'OUI', '2024-10-19 00:00:00', NULL, 'Roger Admin', 'NON', NULL),
(21, '2024-10-19 12:42:06', '2024-10-19 13:23:45', 25, 'vingt cinq', 'Paiement des agents', '2024-10-19', 2, 3, 'BANQUE', 2, '3223-TR-32', 2800, 'Roger Admin', 'OUI', '2024-10-19 00:00:00', 'Roger Admin', 'OUI', '2024-10-19 00:00:00', '0000', 'Roger Admin', 'NON', NULL),
(38, '2024-10-21 13:55:05', '2024-10-21 13:55:05', 20, 'USD', 'Test PAIEMENT FRAIS SCOLAIRE', '2024-09-02', 1, 1, 'CASH', 1, '00000000', 2800, NULL, 'NON', NULL, NULL, 'NON', NULL, '00000', 'Roger Admin', 'NON', NULL),
(39, '2024-10-21 13:55:05', '2024-10-21 13:55:05', 32, 'USD', 'VENTES FOURNITURES SCOLAIRES', '2024-09-02', 1, 2, 'CASH', 1, '00000000', 2800, NULL, 'NON', NULL, NULL, 'NON', NULL, '00000', 'Roger Admin', 'NON', NULL),
(40, '2024-10-21 13:55:21', '2024-10-21 13:55:21', 48, 'USD', 'VENTES FOURNITURES SCOLAIRES', '2024-09-16', 1, 2, 'CASH', 1, '00000000', 2800, NULL, 'NON', NULL, NULL, 'NON', NULL, '00000', 'Roger Admin', 'NON', NULL),
(41, '2024-10-21 13:55:30', '2024-10-21 13:55:30', 24, 'USD', 'VENTES FOURNITURES SCOLAIRES', '2024-10-16', 1, 2, 'CASH', 1, '00000000', 2800, NULL, 'NON', NULL, NULL, 'NON', NULL, '00000', 'Roger Admin', 'NON', NULL),
(42, '2024-10-21 13:55:36', '2024-10-21 13:55:36', 240, 'USD', 'Test PAIEMENT FRAIS SCOLAIRE', '2024-10-17', 1, 1, 'CASH', 1, '00000000', 2800, NULL, 'NON', NULL, NULL, 'NON', NULL, '00000', 'Roger Admin', 'NON', NULL),
(43, '2024-10-21 13:55:36', '2024-10-21 13:55:36', 25, 'USD', 'VENTES FOURNITURES SCOLAIRES', '2024-10-17', 1, 2, 'CASH', 1, '00000000', 2800, NULL, 'NON', NULL, NULL, 'NON', NULL, '00000', 'Roger Admin', 'NON', NULL),
(44, '2024-10-21 13:55:36', '2024-10-21 13:55:36', 15, 'USD', 'VENTES FOURNITURES SCOLAIRES', '2024-10-17', 1, 2, 'BANQUE', 2, '00000000', 2800, NULL, 'NON', NULL, NULL, 'NON', NULL, '00000', 'Roger Admin', 'NON', NULL);

-- --------------------------------------------------------

--
-- Structure de la table `tfin_classe`
--

CREATE TABLE `tfin_classe` (
  `id` bigint(20) UNSIGNED NOT NULL,
  `nom_classe` varchar(100) COLLATE utf8mb4_unicode_ci NOT NULL,
  `numero_classe` varchar(50) COLLATE utf8mb4_unicode_ci NOT NULL,
  `author` varchar(50) COLLATE utf8mb4_unicode_ci NOT NULL,
  `created_at` timestamp NULL DEFAULT NULL,
  `updated_at` timestamp NULL DEFAULT NULL
) ENGINE=MyISAM DEFAULT CHARSET=utf8mb4 COLLATE=utf8mb4_unicode_ci;

--
-- Déchargement des données de la table `tfin_classe`
--

INSERT INTO `tfin_classe` (`id`, `nom_classe`, `numero_classe`, `author`, `created_at`, `updated_at`) VALUES
(1, 'TRESORERIE', '5', 'Roger Admin', '2024-09-02 03:16:51', '2024-09-02 03:17:38'),
(2, 'CHARGE DIVERSE', '6', 'Roger Admin', '2024-09-02 03:17:11', '2024-09-02 03:17:11'),
(3, 'PRODUIT', '7', 'Roger Admin', '2024-09-02 03:17:54', '2024-09-02 03:17:54');

-- --------------------------------------------------------

--
-- Structure de la table `tfin_cloture_caisse`
--

CREATE TABLE `tfin_cloture_caisse` (
  `id` bigint(20) UNSIGNED NOT NULL,
  `refSscompte` bigint(20) UNSIGNED NOT NULL,
  `date_cloture` varchar(20) COLLATE utf8mb4_unicode_ci NOT NULL,
  `montant_cloture` double NOT NULL,
  `taux_dujour` double NOT NULL,
  `author` varchar(50) COLLATE utf8mb4_unicode_ci NOT NULL,
  `created_at` timestamp NULL DEFAULT NULL,
  `updated_at` timestamp NULL DEFAULT NULL
) ENGINE=MyISAM DEFAULT CHARSET=utf8mb4 COLLATE=utf8mb4_unicode_ci;

--
-- Déchargement des données de la table `tfin_cloture_caisse`
--

INSERT INTO `tfin_cloture_caisse` (`id`, `refSscompte`, `date_cloture`, `montant_cloture`, `taux_dujour`, `author`, `created_at`, `updated_at`) VALUES
(15, 0, '2024-10-16', 0, 2800, 'Roger Admin', '2024-10-21 13:55:30', '2024-10-21 13:55:30'),
(14, 0, '2024-09-16', 0, 2800, 'Roger Admin', '2024-10-21 13:55:21', '2024-10-21 13:55:21'),
(12, 0, '2024-09-02', 0, 2800, 'Roger Admin', '2024-10-21 13:55:05', '2024-10-21 13:55:05'),
(13, 0, '2024-09-03', 0, 2800, 'Roger Admin', '2024-10-21 13:55:13', '2024-10-21 13:55:13'),
(16, 0, '2024-10-17', 0, 2800, 'Roger Admin', '2024-10-21 13:55:36', '2024-10-21 13:55:36');

-- --------------------------------------------------------

--
-- Structure de la table `tfin_cloture_comptabilite`
--

CREATE TABLE `tfin_cloture_comptabilite` (
  `id` bigint(20) UNSIGNED NOT NULL,
  `numerOperation` int(11) NOT NULL,
  `dateCloture` varchar(20) COLLATE utf8mb4_unicode_ci NOT NULL,
  `tauxdujour` double NOT NULL,
  `author` varchar(50) COLLATE utf8mb4_unicode_ci NOT NULL,
  `created_at` timestamp NULL DEFAULT NULL,
  `updated_at` timestamp NULL DEFAULT NULL
) ENGINE=MyISAM DEFAULT CHARSET=utf8mb4 COLLATE=utf8mb4_unicode_ci;

--
-- Déchargement des données de la table `tfin_cloture_comptabilite`
--

INSERT INTO `tfin_cloture_comptabilite` (`id`, `numerOperation`, `dateCloture`, `tauxdujour`, `author`, `created_at`, `updated_at`) VALUES
(17, 0, '2024-10-16', 2800, 'Roger Admin', '2024-10-21 15:02:57', '2024-10-21 15:02:57'),
(14, 0, '2024-09-03', 2800, 'Roger Admin', '2024-10-21 15:01:46', '2024-10-21 15:01:46'),
(13, 0, '2024-09-02', 2800, 'Roger Admin', '2024-10-21 15:01:21', '2024-10-21 15:01:21'),
(18, 0, '2024-10-17', 2800, 'Roger Admin', '2024-10-21 15:03:07', '2024-10-21 15:03:07');

-- --------------------------------------------------------

--
-- Structure de la table `tfin_compte`
--

CREATE TABLE `tfin_compte` (
  `id` bigint(20) UNSIGNED NOT NULL,
  `refClasse` bigint(20) UNSIGNED NOT NULL,
  `refTypecompte` bigint(20) UNSIGNED NOT NULL,
  `refPosition` bigint(20) UNSIGNED NOT NULL,
  `nom_compte` varchar(100) COLLATE utf8mb4_unicode_ci NOT NULL,
  `numero_compte` varchar(100) COLLATE utf8mb4_unicode_ci NOT NULL,
  `author` varchar(100) COLLATE utf8mb4_unicode_ci NOT NULL,
  `created_at` timestamp NULL DEFAULT NULL,
  `updated_at` timestamp NULL DEFAULT NULL
) ENGINE=MyISAM DEFAULT CHARSET=utf8mb4 COLLATE=utf8mb4_unicode_ci;

--
-- Déchargement des données de la table `tfin_compte`
--

INSERT INTO `tfin_compte` (`id`, `refClasse`, `refTypecompte`, `refPosition`, `nom_compte`, `numero_compte`, `author`, `created_at`, `updated_at`) VALUES
(1, 1, 1, 1, 'CAISSE', '57', 'Roger Admin', '2024-09-02 03:19:58', '2024-09-02 03:19:58'),
(2, 1, 1, 1, 'BANQUE', '52', 'Roger Admin', '2024-09-02 03:20:16', '2024-09-02 03:20:16'),
(3, 3, 1, 2, 'PRODUIT', '70', 'Roger Admin', '2024-09-02 03:20:44', '2024-09-02 03:20:44'),
(4, 2, 2, 1, 'CHARGES DIVERSES', '60', 'Roger Admin', '2024-09-02 03:21:10', '2024-09-02 03:21:10');

-- --------------------------------------------------------

--
-- Structure de la table `tfin_detail_operationcompte`
--

CREATE TABLE `tfin_detail_operationcompte` (
  `id` bigint(20) UNSIGNED NOT NULL,
  `refEnteteOperation` bigint(20) UNSIGNED NOT NULL,
  `refSscompte` bigint(20) UNSIGNED NOT NULL,
  `typeOperation` varchar(255) COLLATE utf8mb4_unicode_ci NOT NULL,
  `montantOpration` double NOT NULL,
  `deleted` varchar(255) COLLATE utf8mb4_unicode_ci NOT NULL DEFAULT 'NON',
  `author_deleted` varchar(255) COLLATE utf8mb4_unicode_ci NOT NULL DEFAULT 'user',
  `created_at` timestamp NULL DEFAULT NULL,
  `updated_at` timestamp NULL DEFAULT NULL
) ENGINE=MyISAM DEFAULT CHARSET=utf8mb4 COLLATE=utf8mb4_unicode_ci;

--
-- Déchargement des données de la table `tfin_detail_operationcompte`
--

INSERT INTO `tfin_detail_operationcompte` (`id`, `refEnteteOperation`, `refSscompte`, `typeOperation`, `montantOpration`, `deleted`, `author_deleted`, `created_at`, `updated_at`) VALUES
(1, 1, 3, 'DEBIT', 200, 'NON', 'user', '2024-09-02 10:03:49', '2024-09-02 10:03:49'),
(2, 1, 4, 'CREDIT', 200, 'NON', 'user', '2024-09-02 10:03:49', '2024-09-02 10:03:49'),
(3, 2, 5, 'DEBIT', 0, 'NON', 'user', '2024-09-02 10:03:49', '2024-09-02 10:03:49'),
(4, 2, 3, 'CREDIT', 0, 'NON', 'user', '2024-09-02 10:03:49', '2024-09-02 10:03:49'),
(5, 3, 3, 'DEBIT', 32, 'NON', 'user', '2024-09-02 10:03:49', '2024-09-02 10:03:49'),
(6, 3, 4, 'CREDIT', 32, 'NON', 'user', '2024-09-02 10:03:49', '2024-09-02 10:03:49'),
(7, 4, 3, 'DEBIT', 32, 'NON', 'user', '2024-09-02 10:03:49', '2024-09-02 10:03:49'),
(8, 4, 4, 'CREDIT', 32, 'NON', 'user', '2024-09-02 10:03:49', '2024-09-02 10:03:49'),
(9, 5, 3, 'DEBIT', 32, 'NON', 'user', '2024-09-02 10:03:49', '2024-09-02 10:03:49'),
(10, 5, 4, 'CREDIT', 32, 'NON', 'user', '2024-09-02 10:03:49', '2024-09-02 10:03:49'),
(11, 6, 3, 'DEBIT', 32, 'NON', 'user', '2024-09-02 10:03:49', '2024-09-02 10:03:49'),
(12, 6, 4, 'CREDIT', 32, 'NON', 'user', '2024-09-02 10:03:49', '2024-09-02 10:03:49'),
(13, 7, 3, 'DEBIT', 20, 'NON', 'user', '2024-09-02 10:03:49', '2024-09-02 10:03:49'),
(14, 7, 4, 'CREDIT', 20, 'NON', 'user', '2024-09-02 10:03:49', '2024-09-02 10:03:49'),
(15, 8, 5, 'DEBIT', 30, 'NON', 'user', '2024-10-19 13:42:09', '2024-10-19 13:42:09'),
(16, 8, 3, 'CREDIT', 30, 'NON', 'user', '2024-10-19 13:42:09', '2024-10-19 13:42:09'),
(17, 9, 3, 'DEBIT', 48, 'NON', 'user', '2024-10-19 13:43:12', '2024-10-19 13:43:12'),
(18, 9, 4, 'CREDIT', 48, 'NON', 'user', '2024-10-19 13:43:12', '2024-10-19 13:43:12'),
(19, 10, 3, 'DEBIT', 50, 'NON', 'user', '2024-10-19 13:43:49', '2024-10-19 13:43:49'),
(20, 10, 4, 'CREDIT', 50, 'NON', 'user', '2024-10-19 13:43:49', '2024-10-19 13:43:49'),
(21, 11, 2, 'DEBIT', 30, 'NON', 'user', '2024-10-19 13:43:49', '2024-10-19 13:43:49'),
(22, 11, 4, 'CREDIT', 30, 'NON', 'user', '2024-10-19 13:43:49', '2024-10-19 13:43:49'),
(23, 12, 2, 'DEBIT', 35, 'NON', 'user', '2024-10-19 13:43:49', '2024-10-19 13:43:49'),
(24, 12, 4, 'CREDIT', 35, 'NON', 'user', '2024-10-19 13:43:49', '2024-10-19 13:43:49'),
(25, 13, 3, 'DEBIT', 65, 'NON', 'user', '2024-10-19 13:47:27', '2024-10-19 13:47:27'),
(26, 13, 4, 'CREDIT', 65, 'NON', 'user', '2024-10-19 13:47:27', '2024-10-19 13:47:27'),
(27, 14, 3, 'DEBIT', 200, 'NON', 'user', '2024-10-20 08:29:57', '2024-10-20 08:29:57'),
(28, 14, 4, 'CREDIT', 200, 'NON', 'user', '2024-10-20 08:29:57', '2024-10-20 08:29:57'),
(29, 15, 5, 'DEBIT', 0, 'NON', 'user', '2024-10-20 08:29:57', '2024-10-20 08:29:57'),
(30, 15, 3, 'CREDIT', 0, 'NON', 'user', '2024-10-20 08:29:57', '2024-10-20 08:29:57'),
(31, 16, 3, 'DEBIT', 32, 'NON', 'user', '2024-10-20 08:29:57', '2024-10-20 08:29:57'),
(32, 16, 4, 'CREDIT', 32, 'NON', 'user', '2024-10-20 08:29:57', '2024-10-20 08:29:57'),
(33, 17, 3, 'DEBIT', 32, 'NON', 'user', '2024-10-20 08:29:57', '2024-10-20 08:29:57'),
(34, 17, 4, 'CREDIT', 32, 'NON', 'user', '2024-10-20 08:29:57', '2024-10-20 08:29:57'),
(35, 18, 3, 'DEBIT', 32, 'NON', 'user', '2024-10-20 08:29:57', '2024-10-20 08:29:57'),
(36, 18, 4, 'CREDIT', 32, 'NON', 'user', '2024-10-20 08:29:57', '2024-10-20 08:29:57'),
(37, 19, 3, 'DEBIT', 32, 'NON', 'user', '2024-10-20 08:29:57', '2024-10-20 08:29:57'),
(38, 19, 4, 'CREDIT', 32, 'NON', 'user', '2024-10-20 08:29:57', '2024-10-20 08:29:57'),
(39, 20, 3, 'DEBIT', 20, 'NON', 'user', '2024-10-20 08:29:57', '2024-10-20 08:29:57'),
(40, 20, 4, 'CREDIT', 20, 'NON', 'user', '2024-10-20 08:29:57', '2024-10-20 08:29:57'),
(41, 21, 5, 'DEBIT', 30, 'NON', 'user', '2024-10-20 08:54:31', '2024-10-20 08:54:31'),
(42, 21, 3, 'CREDIT', 30, 'NON', 'user', '2024-10-20 08:54:31', '2024-10-20 08:54:31'),
(43, 22, 3, 'DEBIT', 48, 'NON', 'user', '2024-10-20 08:54:42', '2024-10-20 08:54:42'),
(44, 22, 4, 'CREDIT', 48, 'NON', 'user', '2024-10-20 08:54:42', '2024-10-20 08:54:42'),
(45, 23, 3, 'DEBIT', 50, 'NON', 'user', '2024-10-20 08:56:50', '2024-10-20 08:56:50'),
(46, 23, 4, 'CREDIT', 50, 'NON', 'user', '2024-10-20 08:56:50', '2024-10-20 08:56:50'),
(47, 24, 2, 'DEBIT', 30, 'NON', 'user', '2024-10-20 08:56:50', '2024-10-20 08:56:50'),
(48, 24, 4, 'CREDIT', 30, 'NON', 'user', '2024-10-20 08:56:50', '2024-10-20 08:56:50'),
(49, 25, 2, 'DEBIT', 35, 'NON', 'user', '2024-10-20 08:56:50', '2024-10-20 08:56:50'),
(50, 25, 4, 'CREDIT', 35, 'NON', 'user', '2024-10-20 08:56:50', '2024-10-20 08:56:50'),
(51, 26, 3, 'DEBIT', 65, 'NON', 'user', '2024-10-20 08:56:57', '2024-10-20 09:03:30'),
(52, 26, 4, 'CREDIT', 65, 'NON', 'user', '2024-10-20 08:56:57', '2024-10-20 08:56:57'),
(53, 27, 3, 'DEBIT', 200, 'NON', 'user', '2024-10-21 15:01:21', '2024-10-21 15:01:21'),
(54, 27, 4, 'CREDIT', 200, 'NON', 'user', '2024-10-21 15:01:21', '2024-10-21 15:01:21'),
(55, 28, 5, 'DEBIT', 0, 'NON', 'user', '2024-10-21 15:01:21', '2024-10-21 15:01:21'),
(56, 28, 3, 'CREDIT', 0, 'NON', 'user', '2024-10-21 15:01:21', '2024-10-21 15:01:21'),
(57, 29, 3, 'DEBIT', 20, 'NON', 'user', '2024-10-21 15:01:21', '2024-10-21 15:01:21'),
(58, 29, 4, 'CREDIT', 20, 'NON', 'user', '2024-10-21 15:01:21', '2024-10-21 15:01:21'),
(59, 30, 3, 'DEBIT', 20, 'NON', 'user', '2024-10-21 15:01:21', '2024-10-21 15:01:21'),
(60, 30, 4, 'CREDIT', 20, 'NON', 'user', '2024-10-21 15:01:21', '2024-10-21 15:01:21'),
(61, 31, 3, 'DEBIT', 32, 'NON', 'user', '2024-10-21 15:01:21', '2024-10-21 15:01:21'),
(62, 31, 4, 'CREDIT', 32, 'NON', 'user', '2024-10-21 15:01:21', '2024-10-21 15:01:21'),
(63, 32, 5, 'DEBIT', 30, 'NON', 'user', '2024-10-21 15:01:46', '2024-10-21 15:01:46'),
(64, 32, 3, 'CREDIT', 30, 'NON', 'user', '2024-10-21 15:01:46', '2024-10-21 15:01:46'),
(65, 33, 3, 'DEBIT', 24, 'NON', 'user', '2024-10-21 15:02:57', '2024-10-21 15:02:57'),
(66, 33, 4, 'CREDIT', 24, 'NON', 'user', '2024-10-21 15:02:57', '2024-10-21 15:02:57'),
(67, 34, 2, 'DEBIT', 35, 'NON', 'user', '2024-10-21 15:03:07', '2024-10-21 15:03:07'),
(68, 34, 4, 'CREDIT', 35, 'NON', 'user', '2024-10-21 15:03:07', '2024-10-21 15:03:07'),
(69, 35, 3, 'DEBIT', 240, 'NON', 'user', '2024-10-21 15:03:07', '2024-10-21 15:03:07'),
(70, 35, 4, 'CREDIT', 240, 'NON', 'user', '2024-10-21 15:03:07', '2024-10-21 15:03:07'),
(71, 36, 3, 'DEBIT', 25, 'NON', 'user', '2024-10-21 15:03:07', '2024-10-21 15:03:07'),
(72, 36, 4, 'CREDIT', 25, 'NON', 'user', '2024-10-21 15:03:07', '2024-10-21 15:03:07'),
(73, 37, 2, 'DEBIT', 15, 'NON', 'user', '2024-10-21 15:03:07', '2024-10-21 15:03:07'),
(74, 37, 4, 'CREDIT', 15, 'NON', 'user', '2024-10-21 15:03:07', '2024-10-21 15:03:07');

-- --------------------------------------------------------

--
-- Structure de la table `tfin_entete_operationcompte`
--

CREATE TABLE `tfin_entete_operationcompte` (
  `id` bigint(20) UNSIGNED NOT NULL,
  `refTresorerie` bigint(20) UNSIGNED NOT NULL,
  `libelleOperation` varchar(255) COLLATE utf8mb4_unicode_ci NOT NULL,
  `dateOpration` date NOT NULL,
  `numOpereation` varchar(255) COLLATE utf8mb4_unicode_ci NOT NULL,
  `tauxdujour` double NOT NULL,
  `author` varchar(255) COLLATE utf8mb4_unicode_ci NOT NULL,
  `deleted` varchar(255) COLLATE utf8mb4_unicode_ci NOT NULL DEFAULT 'NON',
  `author_deleted` varchar(255) COLLATE utf8mb4_unicode_ci NOT NULL DEFAULT 'user',
  `created_at` timestamp NULL DEFAULT NULL,
  `updated_at` timestamp NULL DEFAULT NULL
) ENGINE=MyISAM DEFAULT CHARSET=utf8mb4 COLLATE=utf8mb4_unicode_ci;

--
-- Déchargement des données de la table `tfin_entete_operationcompte`
--

INSERT INTO `tfin_entete_operationcompte` (`id`, `refTresorerie`, `libelleOperation`, `dateOpration`, `numOpereation`, `tauxdujour`, `author`, `deleted`, `author_deleted`, `created_at`, `updated_at`) VALUES
(27, 1, 'VENTES DES FOURNITURES SCOLAIRES', '2024-09-02', '7', 2800, 'Roger Admin', 'NON', 'user', '2024-10-21 15:01:21', '2024-10-21 15:01:21'),
(28, 1, 'DEPENSES DIVERSES', '2024-09-02', '8', 2800, 'Roger Admin', 'NON', 'user', '2024-10-21 15:01:21', '2024-10-21 15:01:21'),
(29, 1, 'PAIEMENT DES FRAIS SCOLAIRES', '2024-09-02', '13', 2800, 'Roger Admin', 'NON', 'user', '2024-10-21 15:01:21', '2024-10-21 15:01:21'),
(30, 1, 'PAIEMENT DES FRAIS SCOLAIRES', '2024-09-02', '38', 2800, 'Roger Admin', 'NON', 'user', '2024-10-21 15:01:21', '2024-10-21 15:01:21'),
(31, 1, 'VENTES DES FOURNITURES SCOLAIRES', '2024-09-02', '39', 2800, 'Roger Admin', 'NON', 'user', '2024-10-21 15:01:21', '2024-10-21 15:01:21'),
(32, 1, 'DEPENSES DIVERSES', '2024-09-03', '14', 2800, 'Roger Admin', 'NON', 'user', '2024-10-21 15:01:46', '2024-10-21 15:01:46'),
(33, 1, 'VENTES DES FOURNITURES SCOLAIRES', '2024-10-16', '41', 2800, 'Roger Admin', 'NON', 'user', '2024-10-21 15:02:57', '2024-10-21 15:02:57'),
(34, 3, 'VENTES DES FOURNITURES SCOLAIRES', '2024-10-17', '19', 2800, 'Roger Admin', 'NON', 'user', '2024-10-21 15:03:07', '2024-10-21 15:03:07'),
(35, 1, 'PAIEMENT DES FRAIS SCOLAIRES', '2024-10-17', '42', 2800, 'Roger Admin', 'NON', 'user', '2024-10-21 15:03:07', '2024-10-21 15:03:07'),
(36, 1, 'VENTES DES FOURNITURES SCOLAIRES', '2024-10-17', '43', 2800, 'Roger Admin', 'NON', 'user', '2024-10-21 15:03:07', '2024-10-21 15:03:07'),
(37, 2, 'VENTES DES FOURNITURES SCOLAIRES', '2024-10-17', '44', 2800, 'Roger Admin', 'NON', 'user', '2024-10-21 15:03:07', '2024-10-21 15:03:07');

-- --------------------------------------------------------

--
-- Structure de la table `tfin_souscompte`
--

CREATE TABLE `tfin_souscompte` (
  `id` bigint(20) UNSIGNED NOT NULL,
  `refCompte` bigint(20) UNSIGNED NOT NULL,
  `nom_souscompte` varchar(100) COLLATE utf8mb4_unicode_ci NOT NULL,
  `numero_souscompte` varchar(50) COLLATE utf8mb4_unicode_ci NOT NULL,
  `author` varchar(255) COLLATE utf8mb4_unicode_ci NOT NULL,
  `created_at` timestamp NULL DEFAULT NULL,
  `updated_at` timestamp NULL DEFAULT NULL
) ENGINE=MyISAM DEFAULT CHARSET=utf8mb4 COLLATE=utf8mb4_unicode_ci;

--
-- Déchargement des données de la table `tfin_souscompte`
--

INSERT INTO `tfin_souscompte` (`id`, `refCompte`, `nom_souscompte`, `numero_souscompte`, `author`, `created_at`, `updated_at`) VALUES
(1, 1, 'CAISSE', '57.1', 'Roger Admin', '2024-09-02 03:21:33', '2024-09-02 03:21:33'),
(2, 2, 'BANQUE', '52.1', 'Roger Admin', '2024-09-02 03:21:54', '2024-09-02 03:21:54'),
(3, 3, 'PRODUIT', '70.1', 'Roger Admin', '2024-09-02 03:22:12', '2024-09-02 03:22:12'),
(4, 4, 'CHARGES DIVERSES', '60.1', 'Roger Admin', '2024-09-02 03:22:45', '2024-09-02 03:22:45');

-- --------------------------------------------------------

--
-- Structure de la table `tfin_ssouscompte`
--

CREATE TABLE `tfin_ssouscompte` (
  `id` bigint(20) UNSIGNED NOT NULL,
  `refSousCompte` bigint(20) UNSIGNED NOT NULL,
  `nom_ssouscompte` varchar(100) COLLATE utf8mb4_unicode_ci NOT NULL,
  `numero_ssouscompte` varchar(50) COLLATE utf8mb4_unicode_ci NOT NULL,
  `author` varchar(100) COLLATE utf8mb4_unicode_ci NOT NULL,
  `created_at` timestamp NULL DEFAULT NULL,
  `updated_at` timestamp NULL DEFAULT NULL
) ENGINE=MyISAM DEFAULT CHARSET=utf8mb4 COLLATE=utf8mb4_unicode_ci;

--
-- Déchargement des données de la table `tfin_ssouscompte`
--

INSERT INTO `tfin_ssouscompte` (`id`, `refSousCompte`, `nom_ssouscompte`, `numero_ssouscompte`, `author`, `created_at`, `updated_at`) VALUES
(2, 2, 'BANQUE', '52.1.1', 'Roger Admin', '2024-09-02 03:23:50', '2024-09-02 03:23:50'),
(3, 1, 'CAISSE', '57.1.1', 'Roger Admin', '2024-09-02 03:24:00', '2024-09-02 03:24:00'),
(4, 3, 'PRODUIT', '70.1.1', 'Roger Admin', '2024-09-02 03:24:33', '2024-09-02 03:24:33'),
(5, 4, 'CHARGES DIVERSES', '60.1.1', 'Roger Admin', '2024-09-02 03:25:18', '2024-09-02 03:25:18');

-- --------------------------------------------------------

--
-- Structure de la table `tfin_typecompte`
--

CREATE TABLE `tfin_typecompte` (
  `id` bigint(20) UNSIGNED NOT NULL,
  `nom_typecompte` varchar(100) COLLATE utf8mb4_unicode_ci NOT NULL,
  `author` varchar(100) COLLATE utf8mb4_unicode_ci NOT NULL,
  `created_at` timestamp NULL DEFAULT NULL,
  `updated_at` timestamp NULL DEFAULT NULL
) ENGINE=MyISAM DEFAULT CHARSET=utf8mb4 COLLATE=utf8mb4_unicode_ci;

--
-- Déchargement des données de la table `tfin_typecompte`
--

INSERT INTO `tfin_typecompte` (`id`, `nom_typecompte`, `author`, `created_at`, `updated_at`) VALUES
(1, 'ACTIF', 'Roger Admin', '2024-09-02 03:18:43', '2024-09-02 03:18:54'),
(2, 'PASSIF', 'Roger Admin', '2024-09-02 03:19:02', '2024-09-02 03:19:02');

-- --------------------------------------------------------

--
-- Structure de la table `tfin_typeoperation`
--

CREATE TABLE `tfin_typeoperation` (
  `id` bigint(20) UNSIGNED NOT NULL,
  `nom_typeoperation` varchar(100) COLLATE utf8mb4_unicode_ci NOT NULL,
  `author` varchar(100) COLLATE utf8mb4_unicode_ci NOT NULL,
  `created_at` timestamp NULL DEFAULT NULL,
  `updated_at` timestamp NULL DEFAULT NULL
) ENGINE=MyISAM DEFAULT CHARSET=utf8mb4 COLLATE=utf8mb4_unicode_ci;

--
-- Déchargement des données de la table `tfin_typeoperation`
--

INSERT INTO `tfin_typeoperation` (`id`, `nom_typeoperation`, `author`, `created_at`, `updated_at`) VALUES
(1, 'DEBUT', 'Roger Admin', '2024-09-04 07:57:26', '2024-09-04 07:57:26'),
(2, 'CREDIT', 'Roger Admin', '2024-09-04 07:57:40', '2024-09-04 07:57:40');

-- --------------------------------------------------------

--
-- Structure de la table `tfin_typeposition`
--

CREATE TABLE `tfin_typeposition` (
  `id` bigint(20) UNSIGNED NOT NULL,
  `nom_typeposition` varchar(100) COLLATE utf8mb4_unicode_ci NOT NULL,
  `author` varchar(50) COLLATE utf8mb4_unicode_ci NOT NULL,
  `created_at` timestamp NULL DEFAULT NULL,
  `updated_at` timestamp NULL DEFAULT NULL
) ENGINE=MyISAM DEFAULT CHARSET=utf8mb4 COLLATE=utf8mb4_unicode_ci;

--
-- Déchargement des données de la table `tfin_typeposition`
--

INSERT INTO `tfin_typeposition` (`id`, `nom_typeposition`, `author`, `created_at`, `updated_at`) VALUES
(1, 'D', 'Roger Admin', '2024-09-02 03:19:25', '2024-09-02 03:19:25'),
(2, 'C', 'Roger Admin', '2024-09-02 03:19:31', '2024-09-02 03:19:31');

-- --------------------------------------------------------

--
-- Structure de la table `tranches`
--

CREATE TABLE `tranches` (
  `id` bigint(20) UNSIGNED NOT NULL,
  `nomTranche` varchar(250) COLLATE utf8mb4_unicode_ci NOT NULL,
  `created_at` timestamp NULL DEFAULT NULL,
  `updated_at` timestamp NULL DEFAULT NULL
) ENGINE=InnoDB DEFAULT CHARSET=utf8mb4 COLLATE=utf8mb4_unicode_ci;

--
-- Déchargement des données de la table `tranches`
--

INSERT INTO `tranches` (`id`, `nomTranche`, `created_at`, `updated_at`) VALUES
(1, 'Première Tranche', '2024-08-08 12:17:26', '2024-08-08 12:18:05'),
(2, 'Deuxième Tranche', '2024-08-08 12:17:44', '2024-08-08 12:17:44'),
(3, 'Trosième Tranche', '2024-08-08 12:17:58', '2024-08-08 12:17:58');

-- --------------------------------------------------------

--
-- Structure de la table `ttreso_entete_angagement`
--

CREATE TABLE `ttreso_entete_angagement` (
  `id` bigint(20) UNSIGNED NOT NULL,
  `refProvenance` int(11) NOT NULL,
  `refBloc` int(11) NOT NULL,
  `motif` varchar(100) NOT NULL,
  `dateEngagement` datetime NOT NULL,
  `refCaisse` int(11) NOT NULL,
  `montant` double NOT NULL DEFAULT 0,
  `dateValiderDemandeur` datetime DEFAULT NULL,
  `StatutValiderDemandeur` varchar(5) DEFAULT NULL,
  `ValiderDemandeur` varchar(50) DEFAULT NULL,
  `dateValidertDivision` datetime DEFAULT NULL,
  `StatutValiderDivision` varchar(5) DEFAULT NULL,
  `ValiderDivision` varchar(50) DEFAULT NULL,
  `dateAtesterDivision` datetime DEFAULT NULL,
  `StatutAtesterDivision` varchar(5) DEFAULT NULL,
  `Atesterterdivision` varchar(50) DEFAULT NULL,
  `dateValiderTresorerie` datetime DEFAULT NULL,
  `ValiderStatuttresorerie` varchar(5) DEFAULT NULL,
  `ValiderTresorerie` varchar(50) DEFAULT NULL,
  `dateAtesterTresorerie` datetime DEFAULT NULL,
  `StatutAtesterTresorerie` varchar(5) DEFAULT NULL,
  `AtesterterTresorier` varchar(50) DEFAULT NULL,
  `dateValiderAdministration` datetime DEFAULT NULL,
  `ValiderStatutAdministration` varchar(5) DEFAULT NULL,
  `ValiderAdministrateur` varchar(50) DEFAULT NULL,
  `dateAtesterAdministration` datetime DEFAULT NULL,
  `StatutAtesterAdministration` varchar(5) DEFAULT NULL,
  `AtesterterAdministrateur` varchar(50) DEFAULT NULL,
  `dateValiderDirection` datetime DEFAULT NULL,
  `ValiderStatutDirection` varchar(5) DEFAULT NULL,
  `ValiderDirecteur` varchar(50) DEFAULT NULL,
  `dateAtesterDirection` datetime DEFAULT NULL,
  `StatutAtesterDirection` varchar(5) DEFAULT NULL,
  `AtesterterDirecteur` varchar(50) DEFAULT NULL,
  `dateValidertGerant` datetime DEFAULT NULL,
  `ValiderStatutGerant` varchar(5) DEFAULT NULL,
  `ValiderGerant` varchar(50) DEFAULT NULL,
  `dateAtesterGerant` datetime DEFAULT NULL,
  `StatutAtesterGerant` varchar(5) DEFAULT NULL,
  `AtesterterGerant` varchar(50) DEFAULT NULL,
  `refEtatbesoin` varchar(100) DEFAULT NULL,
  `author` varchar(100) NOT NULL,
  `deleted` varchar(5) NOT NULL DEFAULT 'NON',
  `author_deleted` varchar(50) DEFAULT NULL,
  `created_at` timestamp NULL DEFAULT NULL,
  `updated_at` timestamp NULL DEFAULT NULL
) ENGINE=InnoDB DEFAULT CHARSET=utf8;

--
-- Déchargement des données de la table `ttreso_entete_angagement`
--

INSERT INTO `ttreso_entete_angagement` (`id`, `refProvenance`, `refBloc`, `motif`, `dateEngagement`, `refCaisse`, `montant`, `dateValiderDemandeur`, `StatutValiderDemandeur`, `ValiderDemandeur`, `dateValidertDivision`, `StatutValiderDivision`, `ValiderDivision`, `dateAtesterDivision`, `StatutAtesterDivision`, `Atesterterdivision`, `dateValiderTresorerie`, `ValiderStatuttresorerie`, `ValiderTresorerie`, `dateAtesterTresorerie`, `StatutAtesterTresorerie`, `AtesterterTresorier`, `dateValiderAdministration`, `ValiderStatutAdministration`, `ValiderAdministrateur`, `dateAtesterAdministration`, `StatutAtesterAdministration`, `AtesterterAdministrateur`, `dateValiderDirection`, `ValiderStatutDirection`, `ValiderDirecteur`, `dateAtesterDirection`, `StatutAtesterDirection`, `AtesterterDirecteur`, `dateValidertGerant`, `ValiderStatutGerant`, `ValiderGerant`, `dateAtesterGerant`, `StatutAtesterGerant`, `AtesterterGerant`, `refEtatbesoin`, `author`, `deleted`, `author_deleted`, `created_at`, `updated_at`) VALUES
(1, 1, 2, 'ACHAT', '2023-09-14 00:00:00', 2, 0, '2023-09-14 00:00:00', 'OUI', 'administrateur', '2023-09-14 00:00:00', 'OUI', 'administrateur', NULL, NULL, NULL, '2023-09-14 00:00:00', 'OUI', 'administrateur', NULL, NULL, NULL, '2023-09-14 00:00:00', 'OUI', 'administrateur', NULL, NULL, NULL, '2023-09-14 00:00:00', 'OUI', 'administrateur', NULL, NULL, NULL, '2023-09-14 00:00:00', 'OUI', 'administrateur', NULL, NULL, NULL, '00000', 'administrateur', 'NON', NULL, '2023-09-14 04:51:32', '2023-09-14 04:52:16'),
(2, 1, 2, 'ACHAT', '2023-10-10 00:00:00', 1, 0, '2023-10-10 00:00:00', 'OUI', 'administrateur', '2023-10-10 00:00:00', 'OUI', 'administrateur', '2023-10-10 00:00:00', 'OUI', 'administrateur', '2023-10-10 00:00:00', 'OUI', 'administrateur', '2023-10-10 00:00:00', 'OUI', 'administrateur', '2023-10-10 00:00:00', 'OUI', 'administrateur', '2023-10-10 00:00:00', 'OUI', 'administrateur', '2023-10-10 00:00:00', 'OUI', 'administrateur', '2023-10-10 00:00:00', 'OUI', 'administrateur', '2023-10-10 00:00:00', 'OUI', 'administrateur', '2023-10-10 00:00:00', 'OUI', 'administrateur', '00000', 'administrateur', 'NON', NULL, '2023-10-10 03:16:26', '2023-10-10 03:16:26'),
(3, 1, 2, 'ACHAT MATERIELS', '2024-09-02 00:00:00', 1, 0, '2024-09-02 00:00:00', 'OUI', 'Roger Admin', '2024-09-02 00:00:00', 'OUI', 'Roger Admin', '2024-09-02 00:00:00', 'OUI', 'Roger Admin', '2024-09-02 00:00:00', 'OUI', 'Roger Admin', '2024-09-02 00:00:00', 'OUI', 'Roger Admin', '2024-09-02 00:00:00', 'OUI', 'Roger Admin', '2024-09-02 00:00:00', 'OUI', 'Roger Admin', '2024-09-02 00:00:00', 'OUI', 'Roger Admin', '2024-09-02 00:00:00', 'OUI', 'Roger Admin', '2024-09-02 00:00:00', 'OUI', 'Roger Admin', '2024-09-02 00:00:00', 'OUI', 'Roger Admin', '001', 'Roger Admin', 'NON', NULL, '2024-09-02 08:26:03', '2024-09-02 08:26:03');

-- --------------------------------------------------------

--
-- Structure de la table `ttypemouvement`
--

CREATE TABLE `ttypemouvement` (
  `id` bigint(20) UNSIGNED NOT NULL,
  `created_at` timestamp NULL DEFAULT NULL,
  `updated_at` timestamp NULL DEFAULT NULL,
  `designation` varchar(50) CHARACTER SET utf8 COLLATE utf8_unicode_ci NOT NULL
) ENGINE=MyISAM DEFAULT CHARSET=utf8mb4;

--
-- Déchargement des données de la table `ttypemouvement`
--

INSERT INTO `ttypemouvement` (`id`, `created_at`, `updated_at`, `designation`) VALUES
(1, '2022-10-22 22:00:00', '2022-10-22 22:00:00', 'PRODUIT'),
(2, '2022-10-22 22:00:00', '2022-10-22 22:00:00', 'CHARGE');

-- --------------------------------------------------------

--
-- Structure de la table `tt_treso_bloc`
--

CREATE TABLE `tt_treso_bloc` (
  `id` bigint(20) UNSIGNED NOT NULL,
  `desiBloc` varchar(100) COLLATE utf8mb4_unicode_ci NOT NULL,
  `created_at` timestamp NULL DEFAULT NULL,
  `updated_at` timestamp NULL DEFAULT NULL
) ENGINE=MyISAM DEFAULT CHARSET=utf8mb4 COLLATE=utf8mb4_unicode_ci;

--
-- Déchargement des données de la table `tt_treso_bloc`
--

INSERT INTO `tt_treso_bloc` (`id`, `desiBloc`, `created_at`, `updated_at`) VALUES
(1, 'DIVISION', '2023-09-14 04:25:32', '2023-09-14 04:25:32'),
(2, 'SERVICE', '2023-09-14 04:25:38', '2023-09-14 04:25:38');

-- --------------------------------------------------------

--
-- Structure de la table `tt_treso_categorie_rubrique`
--

CREATE TABLE `tt_treso_categorie_rubrique` (
  `id` bigint(20) UNSIGNED NOT NULL,
  `NomCateRubrique` varchar(100) COLLATE utf8mb4_unicode_ci NOT NULL,
  `created_at` timestamp NULL DEFAULT NULL,
  `updated_at` timestamp NULL DEFAULT NULL
) ENGINE=MyISAM DEFAULT CHARSET=utf8mb4 COLLATE=utf8mb4_unicode_ci;

--
-- Déchargement des données de la table `tt_treso_categorie_rubrique`
--

INSERT INTO `tt_treso_categorie_rubrique` (`id`, `NomCateRubrique`, `created_at`, `updated_at`) VALUES
(1, 'APPROVISIONNEMENT', '2023-09-14 04:26:14', '2023-09-14 04:32:33'),
(2, 'ACHAT', '2023-09-14 04:26:21', '2023-09-14 04:32:16');

-- --------------------------------------------------------

--
-- Structure de la table `tt_treso_detail_angagement`
--

CREATE TABLE `tt_treso_detail_angagement` (
  `id` bigint(20) UNSIGNED NOT NULL,
  `refEntete` int(11) NOT NULL,
  `refRubrique` int(11) NOT NULL,
  `Qte` double NOT NULL,
  `PU` double NOT NULL,
  `created_at` timestamp NULL DEFAULT NULL,
  `updated_at` timestamp NULL DEFAULT NULL
) ENGINE=InnoDB DEFAULT CHARSET=utf8;

--
-- Déchargement des données de la table `tt_treso_detail_angagement`
--

INSERT INTO `tt_treso_detail_angagement` (`id`, `refEntete`, `refRubrique`, `Qte`, `PU`, `created_at`, `updated_at`) VALUES
(1, 1, 2, 2, 30, '2023-09-14 04:51:51', '2023-09-14 04:51:51'),
(2, 3, 2, 3, 20, '2024-09-02 08:31:39', '2024-09-02 08:31:39');

-- --------------------------------------------------------

--
-- Structure de la table `tt_treso_detail_etatbesoin`
--

CREATE TABLE `tt_treso_detail_etatbesoin` (
  `id` bigint(20) UNSIGNED NOT NULL,
  `refEntete` int(11) NOT NULL,
  `refRubrique` int(11) NOT NULL,
  `Qte` double NOT NULL,
  `PU` double NOT NULL,
  `service_beneficiaire` varchar(100) COLLATE utf8mb4_unicode_ci NOT NULL,
  `author` varchar(100) COLLATE utf8mb4_unicode_ci NOT NULL,
  `created_at` timestamp NULL DEFAULT NULL,
  `updated_at` timestamp NULL DEFAULT NULL
) ENGINE=MyISAM DEFAULT CHARSET=utf8mb4 COLLATE=utf8mb4_unicode_ci;

--
-- Déchargement des données de la table `tt_treso_detail_etatbesoin`
--

INSERT INTO `tt_treso_detail_etatbesoin` (`id`, `refEntete`, `refRubrique`, `Qte`, `PU`, `service_beneficiaire`, `author`, `created_at`, `updated_at`) VALUES
(1, 1, 2, 2, 30, 'INFORMATIQUES', 'administrateur', '2023-09-14 04:44:50', '2023-09-14 04:44:50'),
(2, 1, 1, 2, 30, 'INFORMATIQUES', 'Roger Admin', '2024-09-02 08:24:28', '2024-09-02 08:24:28');

-- --------------------------------------------------------

--
-- Structure de la table `tt_treso_entete_etatbesoin`
--

CREATE TABLE `tt_treso_entete_etatbesoin` (
  `id` bigint(20) UNSIGNED NOT NULL,
  `refProvenance` int(11) NOT NULL,
  `motifDepense` varchar(100) COLLATE utf8mb4_unicode_ci DEFAULT NULL,
  `DateElaboration` datetime DEFAULT NULL,
  `AcquitterPar` varchar(100) COLLATE utf8mb4_unicode_ci DEFAULT NULL,
  `StatutAcquitterPar` varchar(100) COLLATE utf8mb4_unicode_ci NOT NULL DEFAULT 'NON',
  `DateAcquitterPar` datetime DEFAULT NULL,
  `ApproCoordi` varchar(100) COLLATE utf8mb4_unicode_ci DEFAULT NULL,
  `StatutApproCoordi` varchar(100) COLLATE utf8mb4_unicode_ci NOT NULL DEFAULT 'NON',
  `DateApproCoordi` datetime DEFAULT NULL,
  `author` varchar(100) COLLATE utf8mb4_unicode_ci DEFAULT NULL,
  `created_at` timestamp NULL DEFAULT NULL,
  `updated_at` timestamp NULL DEFAULT NULL
) ENGINE=MyISAM DEFAULT CHARSET=utf8mb4 COLLATE=utf8mb4_unicode_ci;

--
-- Déchargement des données de la table `tt_treso_entete_etatbesoin`
--

INSERT INTO `tt_treso_entete_etatbesoin` (`id`, `refProvenance`, `motifDepense`, `DateElaboration`, `AcquitterPar`, `StatutAcquitterPar`, `DateAcquitterPar`, `ApproCoordi`, `StatutApproCoordi`, `DateApproCoordi`, `author`, `created_at`, `updated_at`) VALUES
(1, 1, 'ACHAT', '2023-09-14 00:00:00', 'administrateur', 'OUI', '2023-09-14 00:00:00', 'administrateur', 'OUI', '2023-09-14 00:00:00', 'administrateur', '2023-09-14 04:38:25', '2023-09-14 05:04:04');

-- --------------------------------------------------------

--
-- Structure de la table `tt_treso_provenance`
--

CREATE TABLE `tt_treso_provenance` (
  `id` bigint(20) UNSIGNED NOT NULL,
  `nomProvenance` varchar(100) COLLATE utf8mb4_unicode_ci NOT NULL,
  `codeProvenance` varchar(100) COLLATE utf8mb4_unicode_ci NOT NULL,
  `created_at` timestamp NULL DEFAULT NULL,
  `updated_at` timestamp NULL DEFAULT NULL
) ENGINE=MyISAM DEFAULT CHARSET=utf8mb4 COLLATE=utf8mb4_unicode_ci;

--
-- Déchargement des données de la table `tt_treso_provenance`
--

INSERT INTO `tt_treso_provenance` (`id`, `nomProvenance`, `codeProvenance`, `created_at`, `updated_at`) VALUES
(1, 'INFORMATIQUES', '0000INFO', '2023-09-14 04:24:47', '2023-09-14 04:24:47'),
(2, 'RESTO BAR', '00000RB', '2023-09-14 04:25:17', '2023-09-14 04:25:17');

-- --------------------------------------------------------

--
-- Structure de la table `tt_treso_rubrique`
--

CREATE TABLE `tt_treso_rubrique` (
  `id` bigint(20) UNSIGNED NOT NULL,
  `refcateRubrik` int(11) NOT NULL,
  `desiRubriq` varchar(100) COLLATE utf8mb4_unicode_ci NOT NULL,
  `codeRubriq` varchar(100) COLLATE utf8mb4_unicode_ci NOT NULL,
  `created_at` timestamp NULL DEFAULT NULL,
  `updated_at` timestamp NULL DEFAULT NULL
) ENGINE=MyISAM DEFAULT CHARSET=utf8mb4 COLLATE=utf8mb4_unicode_ci;

--
-- Déchargement des données de la table `tt_treso_rubrique`
--

INSERT INTO `tt_treso_rubrique` (`id`, `refcateRubrik`, `desiRubriq`, `codeRubriq`, `created_at`, `updated_at`) VALUES
(1, 2, 'ACHAT DES MARIELS', '00000', '2023-09-14 04:33:03', '2023-09-14 04:33:03'),
(2, 2, 'ACHAT DES CONSOMMABLES', '0000', '2023-09-14 04:33:30', '2023-09-14 04:33:30');

-- --------------------------------------------------------

--
-- Structure de la table `tvente_categorie_produit`
--

CREATE TABLE `tvente_categorie_produit` (
  `id` bigint(20) UNSIGNED NOT NULL,
  `designation` varchar(100) COLLATE utf8mb4_unicode_ci NOT NULL,
  `author` varchar(50) COLLATE utf8mb4_unicode_ci NOT NULL,
  `created_at` timestamp NULL DEFAULT NULL,
  `updated_at` timestamp NULL DEFAULT NULL
) ENGINE=MyISAM DEFAULT CHARSET=utf8mb4 COLLATE=utf8mb4_unicode_ci;

--
-- Déchargement des données de la table `tvente_categorie_produit`
--

INSERT INTO `tvente_categorie_produit` (`id`, `designation`, `author`, `created_at`, `updated_at`) VALUES
(1, 'UNIFORME', 'Roger Admin', '2024-09-02 01:50:45', '2024-10-15 11:26:39'),
(2, 'OBJET CLASSIQUE', 'Roger Admin', '2024-09-02 02:10:47', '2024-09-02 02:10:47');

-- --------------------------------------------------------

--
-- Structure de la table `tvente_detail_entree`
--

CREATE TABLE `tvente_detail_entree` (
  `id` bigint(20) UNSIGNED NOT NULL,
  `refEnteteEntree` bigint(20) UNSIGNED NOT NULL,
  `refProduit` bigint(20) UNSIGNED NOT NULL,
  `puEntree` double(50,2) NOT NULL,
  `devise` varchar(50) COLLATE utf8mb4_unicode_ci NOT NULL,
  `taux` double(50,2) NOT NULL,
  `qteEntree` double(50,2) NOT NULL,
  `unite_paquet` varchar(50) COLLATE utf8mb4_unicode_ci NOT NULL DEFAULT 'Par Pièce',
  `puPaquet` double(50,2) NOT NULL DEFAULT 0.00,
  `qtePaquet` double(50,2) NOT NULL DEFAULT 0.00,
  `author` varchar(50) COLLATE utf8mb4_unicode_ci NOT NULL,
  `created_at` timestamp NULL DEFAULT NULL,
  `updated_at` timestamp NULL DEFAULT NULL
) ENGINE=MyISAM DEFAULT CHARSET=utf8mb4 COLLATE=utf8mb4_unicode_ci;

--
-- Déchargement des données de la table `tvente_detail_entree`
--

INSERT INTO `tvente_detail_entree` (`id`, `refEnteteEntree`, `refProduit`, `puEntree`, `devise`, `taux`, `qteEntree`, `unite_paquet`, `puPaquet`, `qtePaquet`, `author`, `created_at`, `updated_at`) VALUES
(1, 1, 1, 12.00, 'USD', 0.00, 20.00, 'Par Pièce', 12.00, 20.00, 'Roger Admin', '2024-09-02 02:28:48', '2024-09-02 02:28:48'),
(2, 2, 3, 10.00, 'USD', 2800.00, 30.00, 'Par Pièce', 10.00, 30.00, 'Roger Admin', '2024-09-02 04:18:55', '2024-09-02 04:18:55'),
(3, 2, 2, 10.00, 'USD', 2800.00, 10.00, 'Par Pièce', 10.00, 10.00, 'Roger Admin', '2024-09-02 04:19:12', '2024-09-02 04:19:12'),
(5, 4, 1, 12.00, 'USD', 2800.00, 100.00, 'Par Pièce', 12.00, 100.00, 'Roger Admin', '2024-10-16 09:06:39', '2024-10-16 09:06:39'),
(6, 4, 2, 10.00, 'USD', 2800.00, 50.00, 'Par Pièce', 10.00, 50.00, 'Roger Admin', '2024-10-16 09:08:03', '2024-10-16 09:08:03'),
(7, 5, 3, 10.00, 'USD', 2800.00, 22.00, 'Par Pièce', 10.00, 22.00, 'Roger Admin', '2024-10-17 07:41:09', '2024-10-17 07:41:09'),
(8, 6, 1, 15.00, 'USD', 2800.00, 10.00, 'Par Pièce', 15.00, 10.00, 'Roger Admin', '2024-10-17 09:52:00', '2024-10-17 09:52:00');

-- --------------------------------------------------------

--
-- Structure de la table `tvente_detail_requisition`
--

CREATE TABLE `tvente_detail_requisition` (
  `id` bigint(20) UNSIGNED NOT NULL,
  `refEnteteCmd` bigint(20) UNSIGNED NOT NULL,
  `refProduit` bigint(20) UNSIGNED NOT NULL,
  `puCmd` double(50,2) NOT NULL,
  `devise` varchar(50) COLLATE utf8mb4_unicode_ci NOT NULL,
  `taux` double(50,2) NOT NULL,
  `qteCmd` double(50,2) NOT NULL,
  `author` varchar(50) COLLATE utf8mb4_unicode_ci NOT NULL,
  `created_at` timestamp NULL DEFAULT NULL,
  `updated_at` timestamp NULL DEFAULT NULL
) ENGINE=MyISAM DEFAULT CHARSET=utf8mb4 COLLATE=utf8mb4_unicode_ci;

--
-- Déchargement des données de la table `tvente_detail_requisition`
--

INSERT INTO `tvente_detail_requisition` (`id`, `refEnteteCmd`, `refProduit`, `puCmd`, `devise`, `taux`, `qteCmd`, `author`, `created_at`, `updated_at`) VALUES
(1, 1, 1, 12.00, 'USD', 2800.00, 30.00, 'Roger Admin', '2024-09-02 02:52:51', '2024-09-02 02:52:51'),
(2, 2, 1, 12.00, 'USD', 2800.00, 50.00, 'Roger Admin', '2024-09-02 04:38:13', '2024-09-02 04:38:13'),
(3, 2, 2, 10.00, 'USD', 2800.00, 100.00, 'Roger Admin', '2024-09-02 04:38:29', '2024-09-02 04:38:29'),
(5, 3, 1, 12.00, 'USD', 2800.00, 2.00, 'Roger Admin', '2024-09-18 19:16:00', '2024-09-18 19:16:00'),
(6, 3, 2, 10.00, 'USD', 2800.00, 2.00, 'Roger Admin', '2024-09-18 19:16:15', '2024-09-18 19:16:15'),
(8, 4, 2, 10.00, 'USD', 2800.00, 50.00, 'Roger Admin', '2024-10-16 09:50:05', '2024-10-16 09:50:05'),
(9, 4, 1, 12.00, 'USD', 2800.00, 30.00, 'Roger Admin', '2024-10-16 09:50:23', '2024-10-16 09:50:23');

-- --------------------------------------------------------

--
-- Structure de la table `tvente_detail_vente`
--

CREATE TABLE `tvente_detail_vente` (
  `id` bigint(20) UNSIGNED NOT NULL,
  `refEnteteVente` bigint(20) UNSIGNED NOT NULL,
  `refProduit` bigint(20) UNSIGNED NOT NULL,
  `puVente` double(50,2) NOT NULL,
  `devise` varchar(50) COLLATE utf8mb4_unicode_ci NOT NULL,
  `taux` double(50,2) NOT NULL,
  `qteVente` double(50,2) NOT NULL,
  `unite_paquet` varchar(50) COLLATE utf8mb4_unicode_ci NOT NULL DEFAULT 'Par Pièce',
  `puPaquet` double(50,2) NOT NULL DEFAULT 0.00,
  `qtePaquet` double(50,2) NOT NULL DEFAULT 0.00,
  `author` varchar(50) COLLATE utf8mb4_unicode_ci NOT NULL,
  `created_at` timestamp NULL DEFAULT NULL,
  `updated_at` timestamp NULL DEFAULT NULL
) ENGINE=MyISAM DEFAULT CHARSET=utf8mb4 COLLATE=utf8mb4_unicode_ci;

--
-- Déchargement des données de la table `tvente_detail_vente`
--

INSERT INTO `tvente_detail_vente` (`id`, `refEnteteVente`, `refProduit`, `puVente`, `devise`, `taux`, `qteVente`, `unite_paquet`, `puPaquet`, `qtePaquet`, `author`, `created_at`, `updated_at`) VALUES
(1, 1, 1, 12.00, 'USD', 2800.00, 2.00, 'Par Pièce', 12.00, 2.00, 'Roger Admin', '2024-09-02 02:42:12', '2024-09-02 02:42:12'),
(2, 2, 3, 10.00, 'USD', 2800.00, 2.00, 'Par Pièce', 10.00, 2.00, 'Roger Admin', '2024-09-02 04:22:30', '2024-09-02 04:22:30'),
(3, 2, 1, 12.00, 'USD', 2800.00, 1.00, 'Par Pièce', 12.00, 1.00, 'Roger Admin', '2024-09-02 04:22:50', '2024-09-02 04:22:50'),
(4, 3, 1, 12.00, 'USD', 2800.00, 4.00, 'Par Pièce', 12.00, 4.00, 'Roger Admin', '2024-09-16 19:32:02', '2024-09-16 19:32:02'),
(12, 6, 2, 10.00, 'USD', 2800.00, 2.00, 'Par Pièce', 10.00, 2.00, 'Roger Admin', '2024-10-17 09:13:06', '2024-10-17 09:13:06'),
(10, 5, 1, 12.00, 'USD', 2800.00, 2.00, 'Par Pièce', 12.00, 2.00, 'Roger Admin', '2024-10-16 08:52:33', '2024-10-16 08:52:33'),
(13, 6, 3, 10.00, 'USD', 2800.00, 2.00, 'Par Pièce', 10.00, 2.00, 'Roger Admin', '2024-10-17 09:23:30', '2024-10-17 09:23:30'),
(15, 8, 2, 10.00, 'USD', 2800.00, 2.00, 'Par Pièce', 10.00, 2.00, 'Roger Admin', '2024-10-23 06:18:09', '2024-10-23 06:18:09');

-- --------------------------------------------------------

--
-- Structure de la table `tvente_entete_entree`
--

CREATE TABLE `tvente_entete_entree` (
  `id` bigint(20) UNSIGNED NOT NULL,
  `refFournisseur` bigint(20) UNSIGNED NOT NULL,
  `dateEntree` date NOT NULL,
  `libelle` varchar(225) COLLATE utf8mb4_unicode_ci NOT NULL,
  `montant` double(50,2) NOT NULL DEFAULT 0.00,
  `author` varchar(50) COLLATE utf8mb4_unicode_ci NOT NULL,
  `created_at` timestamp NULL DEFAULT NULL,
  `updated_at` timestamp NULL DEFAULT NULL
) ENGINE=MyISAM DEFAULT CHARSET=utf8mb4 COLLATE=utf8mb4_unicode_ci;

--
-- Déchargement des données de la table `tvente_entete_entree`
--

INSERT INTO `tvente_entete_entree` (`id`, `refFournisseur`, `dateEntree`, `libelle`, `montant`, `author`, `created_at`, `updated_at`) VALUES
(1, 1, '2024-09-02', 'XXX', 240.00, 'Roger Admin', '2024-09-02 02:19:00', '2024-09-02 02:19:00'),
(2, 1, '2024-09-02', 'XXX', 400.00, 'Roger Admin', '2024-09-02 04:18:12', '2024-09-02 04:18:12'),
(4, 1, '2024-10-16', 'Entrée du 16/10/2024', 1700.00, 'Roger Admin', '2024-10-16 09:02:47', '2024-10-16 09:20:07'),
(5, 1, '2024-10-17', 'Entrée en magasin du 17/10/2024', 220.00, 'Roger Admin', '2024-10-17 07:39:41', '2024-10-17 07:39:41'),
(6, 1, '2024-10-17', 'Entrée du 17/10/2024', 150.00, 'Roger Admin', '2024-10-17 09:30:26', '2024-10-17 09:30:26');

-- --------------------------------------------------------

--
-- Structure de la table `tvente_entete_requisition`
--

CREATE TABLE `tvente_entete_requisition` (
  `id` bigint(20) UNSIGNED NOT NULL,
  `refFournisseur` bigint(20) UNSIGNED NOT NULL,
  `dateCmd` date NOT NULL,
  `libelle` varchar(225) COLLATE utf8mb4_unicode_ci NOT NULL,
  `montant` double(50,2) NOT NULL DEFAULT 0.00,
  `author` varchar(50) COLLATE utf8mb4_unicode_ci NOT NULL,
  `created_at` timestamp NULL DEFAULT NULL,
  `updated_at` timestamp NULL DEFAULT NULL
) ENGINE=MyISAM DEFAULT CHARSET=utf8mb4 COLLATE=utf8mb4_unicode_ci;

--
-- Déchargement des données de la table `tvente_entete_requisition`
--

INSERT INTO `tvente_entete_requisition` (`id`, `refFournisseur`, `dateCmd`, `libelle`, `montant`, `author`, `created_at`, `updated_at`) VALUES
(1, 1, '2024-09-02', 'xxx', 360.00, 'Roger Admin', '2024-09-02 02:52:33', '2024-09-02 02:52:33'),
(2, 1, '2024-09-02', 'xxx', 1600.00, 'Roger Admin', '2024-09-02 04:37:49', '2024-09-02 04:37:49'),
(3, 1, '2024-09-02', 'xxx', 44.00, 'Roger Admin', '2024-09-02 18:02:53', '2024-09-02 18:02:53'),
(4, 1, '2024-10-16', 'Réquisition du 16/10/2024', 860.00, 'Roger Admin', '2024-10-16 09:35:18', '2024-10-16 09:46:42');

-- --------------------------------------------------------

--
-- Structure de la table `tvente_entete_vente`
--

CREATE TABLE `tvente_entete_vente` (
  `id` bigint(20) UNSIGNED NOT NULL,
  `refClient` bigint(20) UNSIGNED NOT NULL,
  `dateVente` date NOT NULL,
  `libelle` varchar(50) COLLATE utf8mb4_unicode_ci NOT NULL,
  `montant` double(50,2) NOT NULL DEFAULT 0.00,
  `paie` double(50,2) NOT NULL DEFAULT 0.00,
  `author` varchar(50) COLLATE utf8mb4_unicode_ci NOT NULL,
  `created_at` timestamp NULL DEFAULT NULL,
  `updated_at` timestamp NULL DEFAULT NULL
) ENGINE=MyISAM DEFAULT CHARSET=utf8mb4 COLLATE=utf8mb4_unicode_ci;

--
-- Déchargement des données de la table `tvente_entete_vente`
--

INSERT INTO `tvente_entete_vente` (`id`, `refClient`, `dateVente`, `libelle`, `montant`, `paie`, `author`, `created_at`, `updated_at`) VALUES
(1, 2, '2024-09-02', 'Vente des Prosuits', 24.00, 24.00, 'Roger Admin', '2024-09-02 02:38:40', '2024-09-02 02:38:40'),
(2, 3, '2024-09-02', 'Vente des Prosuits', 32.00, 32.00, 'Roger Admin', '2024-09-02 04:20:50', '2024-09-02 04:20:50'),
(3, 5, '2024-09-16', 'Vente des Prosuits', 48.00, 48.00, 'Roger Admin', '2024-09-16 19:31:39', '2024-09-16 19:31:39'),
(5, 9, '2024-10-16', 'Vente des Prosuits', 24.00, 24.00, 'Roger Admin', '2024-10-16 08:52:17', '2024-10-16 08:52:17'),
(6, 2, '2024-10-17', 'Vente des Prosuits', 40.00, 40.00, 'Roger Admin', '2024-10-17 07:41:39', '2024-10-17 07:41:39'),
(8, 2, '2024-10-23', 'Vente des Prosuits', 20.00, 15.00, 'Roger Admin', '2024-10-23 06:17:47', '2024-10-23 06:17:47');

-- --------------------------------------------------------

--
-- Structure de la table `tvente_fournisseur`
--

CREATE TABLE `tvente_fournisseur` (
  `id` bigint(20) UNSIGNED NOT NULL,
  `noms` varchar(100) COLLATE utf8mb4_unicode_ci NOT NULL,
  `contact` varchar(15) COLLATE utf8mb4_unicode_ci NOT NULL,
  `mail` varchar(100) COLLATE utf8mb4_unicode_ci NOT NULL,
  `adresse` varchar(200) COLLATE utf8mb4_unicode_ci NOT NULL,
  `author` varchar(100) COLLATE utf8mb4_unicode_ci NOT NULL,
  `created_at` timestamp NULL DEFAULT NULL,
  `updated_at` timestamp NULL DEFAULT NULL
) ENGINE=MyISAM DEFAULT CHARSET=utf8mb4 COLLATE=utf8mb4_unicode_ci;

--
-- Déchargement des données de la table `tvente_fournisseur`
--

INSERT INTO `tvente_fournisseur` (`id`, `noms`, `contact`, `mail`, `adresse`, `author`, `created_at`, `updated_at`) VALUES
(1, 'ATELIER', '0992992063', 'atelier@gmail.com', 'Goma', 'Roger Admin', '2024-09-02 02:18:45', '2024-10-15 12:20:55');

-- --------------------------------------------------------

--
-- Structure de la table `tvente_paiement`
--

CREATE TABLE `tvente_paiement` (
  `id` bigint(20) UNSIGNED NOT NULL,
  `refEnteteVente` bigint(20) UNSIGNED NOT NULL,
  `montant_paie` double(50,2) NOT NULL,
  `date_paie` varchar(20) COLLATE utf8mb4_unicode_ci NOT NULL,
  `modepaie` varchar(20) COLLATE utf8mb4_unicode_ci NOT NULL,
  `libellepaie` varchar(225) COLLATE utf8mb4_unicode_ci NOT NULL,
  `refBanque` bigint(20) UNSIGNED NOT NULL,
  `numeroBordereau` varchar(20) COLLATE utf8mb4_unicode_ci NOT NULL,
  `devise` varchar(20) COLLATE utf8mb4_unicode_ci NOT NULL,
  `taux` double(50,2) NOT NULL DEFAULT 0.00,
  `author` varchar(50) COLLATE utf8mb4_unicode_ci NOT NULL,
  `created_at` timestamp NULL DEFAULT NULL,
  `updated_at` timestamp NULL DEFAULT NULL
) ENGINE=MyISAM DEFAULT CHARSET=utf8mb4 COLLATE=utf8mb4_unicode_ci;

--
-- Déchargement des données de la table `tvente_paiement`
--

INSERT INTO `tvente_paiement` (`id`, `refEnteteVente`, `montant_paie`, `date_paie`, `modepaie`, `libellepaie`, `refBanque`, `numeroBordereau`, `devise`, `taux`, `author`, `created_at`, `updated_at`) VALUES
(1, 2, 32.00, '2024-09-02', 'CASH', 'Paiement Facture', 1, '000000', 'USD', 2800.00, 'Roger Admin', '2024-09-02 04:31:48', '2024-09-02 04:31:48'),
(2, 3, 48.00, '2024-09-16', 'CASH', 'Paiement Facture', 1, '000000000', 'USD', 2800.00, 'Roger Admin', '2024-09-16 19:32:35', '2024-09-16 19:32:35'),
(3, 4, 12.00, '2024-10-16', 'CASH', 'Paiement Facture', 1, '000000000', 'USD', 2800.00, 'Roger Admin', '2024-10-16 07:57:36', '2024-10-16 07:57:36'),
(4, 4, 12.00, '2024-10-16', 'CASH', 'Paiement Facture', 1, '000000000', 'USD', 2800.00, 'Roger Admin', '2024-10-16 08:13:13', '2024-10-16 08:13:13'),
(5, 4, 8.00, '2024-10-16', 'CASH', 'Paiement Facture', 1, '000000000', 'USD', 2800.00, 'Roger Admin', '2024-10-16 08:19:51', '2024-10-16 08:19:51'),
(6, 5, 24.00, '2024-10-16', 'CASH', 'Paiement Facture', 1, '000000000', 'USD', 2800.00, 'Roger Admin', '2024-10-16 08:52:56', '2024-10-16 08:52:56'),
(7, 6, 15.00, '2024-10-17', 'BANQUE', 'Paiement Facture', 2, '566-4556-000005433', 'USD', 2800.00, 'Roger Admin', '2024-10-17 09:14:07', '2024-10-17 09:14:07'),
(8, 6, 5.00, '2024-10-17', 'CASH', 'Paiement Facture', 1, '345353453', 'USD', 2800.00, 'Roger Admin', '2024-10-17 09:22:29', '2024-10-17 09:22:29'),
(9, 6, 20.00, '2024-10-17', 'CASH', 'Paiement Facture', 1, '000000000', 'USD', 2800.00, 'Roger Admin', '2024-10-20 15:10:36', '2024-10-20 15:10:36'),
(10, 1, 24.00, '2024-10-20', 'BANQUE', 'Paiement Facture', 2, '1212-45-GR-545', 'USD', 2800.00, 'Roger Admin', '2024-10-20 15:12:37', '2024-10-20 15:12:37'),
(11, 8, 15.00, '2024-10-23', 'CASH', 'Paiement Facture', 1, '000000000', 'USD', 2800.00, 'Roger Admin', '2024-10-23 06:19:06', '2024-10-23 06:19:06');

-- --------------------------------------------------------

--
-- Structure de la table `tvente_produit`
--

CREATE TABLE `tvente_produit` (
  `id` bigint(20) UNSIGNED NOT NULL,
  `designation` varchar(100) COLLATE utf8mb4_unicode_ci NOT NULL,
  `pu` double(50,2) NOT NULL,
  `qte` double(50,2) NOT NULL DEFAULT 0.00,
  `qte_unite` double(50,2) NOT NULL DEFAULT 1.00,
  `refCategorie` bigint(20) UNSIGNED NOT NULL,
  `devise` varchar(255) COLLATE utf8mb4_unicode_ci NOT NULL,
  `taux` varchar(255) COLLATE utf8mb4_unicode_ci NOT NULL,
  `unite` varchar(255) COLLATE utf8mb4_unicode_ci NOT NULL,
  `author` varchar(100) COLLATE utf8mb4_unicode_ci NOT NULL,
  `created_at` timestamp NULL DEFAULT NULL,
  `updated_at` timestamp NULL DEFAULT NULL
) ENGINE=MyISAM DEFAULT CHARSET=utf8mb4 COLLATE=utf8mb4_unicode_ci;

--
-- Déchargement des données de la table `tvente_produit`
--

INSERT INTO `tvente_produit` (`id`, `designation`, `pu`, `qte`, `qte_unite`, `refCategorie`, `devise`, `taux`, `unite`, `author`, `created_at`, `updated_at`) VALUES
(1, 'Chaimise', 5.00, 120.00, 1.00, 1, 'USD', '2800', 'Pièce', 'Roger Admin', '2024-09-02 02:17:31', '2024-10-16 07:15:02'),
(2, 'CULLOTE', 10.00, 54.00, 1.00, 1, 'USD', '0', 'Pièce', 'Roger Admin', '2024-09-02 02:17:53', '2024-09-02 02:17:53'),
(3, 'JUPE', 10.00, 48.00, 1.00, 1, 'USD', '2800', 'Pièce', 'Roger Admin', '2024-09-02 04:17:24', '2024-10-24 06:31:36');

-- --------------------------------------------------------

--
-- Structure de la table `tvente_taux`
--

CREATE TABLE `tvente_taux` (
  `id` bigint(20) UNSIGNED NOT NULL,
  `taux` double NOT NULL,
  `author` varchar(50) COLLATE utf8mb4_unicode_ci NOT NULL,
  `created_at` timestamp NULL DEFAULT NULL,
  `updated_at` timestamp NULL DEFAULT NULL
) ENGINE=MyISAM DEFAULT CHARSET=utf8mb4 COLLATE=utf8mb4_unicode_ci;

--
-- Déchargement des données de la table `tvente_taux`
--

INSERT INTO `tvente_taux` (`id`, `taux`, `author`, `created_at`, `updated_at`) VALUES
(1, 2800, 'Roger Admin', '2024-09-02 02:30:11', '2024-09-02 02:30:11');

-- --------------------------------------------------------

--
-- Structure de la table `type_tranches`
--

CREATE TABLE `type_tranches` (
  `id` bigint(20) UNSIGNED NOT NULL,
  `nomTypeTranche` varchar(250) COLLATE utf8mb4_unicode_ci NOT NULL,
  `created_at` timestamp NULL DEFAULT NULL,
  `updated_at` timestamp NULL DEFAULT NULL
) ENGINE=InnoDB DEFAULT CHARSET=utf8mb4 COLLATE=utf8mb4_unicode_ci;

--
-- Déchargement des données de la table `type_tranches`
--

INSERT INTO `type_tranches` (`id`, `nomTypeTranche`, `created_at`, `updated_at`) VALUES
(1, 'Frais de Scolarité', '2024-08-08 12:15:17', '2024-08-09 06:40:07'),
(2, 'Visite Informatique', '2024-08-08 12:15:44', '2024-08-08 12:16:12'),
(3, 'Sortie buhimba', '2024-08-08 12:16:33', '2024-08-08 12:16:33'),
(5, 'Frais scolaire', '2024-08-09 06:40:12', '2024-08-09 06:40:12'),
(6, 'Frais technique', '2024-08-09 06:40:25', '2024-08-09 06:40:25');

-- --------------------------------------------------------

--
-- Structure de la table `users`
--

CREATE TABLE `users` (
  `id` bigint(20) UNSIGNED NOT NULL,
  `name` varchar(255) COLLATE utf8mb4_unicode_ci NOT NULL,
  `email` varchar(255) COLLATE utf8mb4_unicode_ci NOT NULL,
  `email_verified_at` timestamp NULL DEFAULT NULL,
  `password` varchar(255) COLLATE utf8mb4_unicode_ci NOT NULL,
  `telephone` varchar(250) COLLATE utf8mb4_unicode_ci DEFAULT NULL,
  `adresse` varchar(300) COLLATE utf8mb4_unicode_ci DEFAULT NULL,
  `avatar` varchar(300) COLLATE utf8mb4_unicode_ci DEFAULT NULL,
  `sexe` varchar(300) COLLATE utf8mb4_unicode_ci DEFAULT NULL,
  `id_role` int(11) NOT NULL,
  `active` int(11) NOT NULL DEFAULT 0,
  `remember_token` varchar(100) COLLATE utf8mb4_unicode_ci DEFAULT NULL,
  `created_at` timestamp NULL DEFAULT NULL,
  `updated_at` timestamp NULL DEFAULT NULL
) ENGINE=InnoDB DEFAULT CHARSET=utf8mb4 COLLATE=utf8mb4_unicode_ci;

--
-- Déchargement des données de la table `users`
--

INSERT INTO `users` (`id`, `name`, `email`, `email_verified_at`, `password`, `telephone`, `adresse`, `avatar`, `sexe`, `id_role`, `active`, `remember_token`, `created_at`, `updated_at`) VALUES
(27, 'Roger Admin', 'admin@gmail.com', NULL, '$2y$10$4yJJ9kTio.ZCT.1v681DV.mILvP4qvmDoPDb38gK5mYwdWDkTlueO', '0817883541', 'Goma, katindo', '1718039089.jpg', 'M', 1, 1, 'bInsznXOYOFV4wCS2z8ba3NsJ2w72YB3xyKK6iD8087RUDvTFCzgxhaq1ERB', NULL, '2024-08-28 19:55:29'),
(28, 'Yuma kayanda', 'yuma@gmail.com', NULL, '$2y$10$MrgZU2DZlxi32lPCxFXYze.ROR35yRkqjqm1EvKzrrWYsybIsC0b2', '0996712321', 'Goma', '1692966953.jpg', 'M', 2, 1, 'VLazCyC9zgNx53v6SH0nMPgiXkOSk0QfinpprejVPj5nVytuYiItpIzcg7Xd', NULL, '2023-08-25 11:15:17'),
(29, 'Gloria nehema', 'user@gmail.com', NULL, '$2y$10$mXpH1OQ2i52.njbA0jLJhec3qqKuabqpOaebunp8kMHL5QrEsEpGG', '0817883413', 'Goma', '1692964850.jpg', 'F', 2, 0, '$2y$10$REBOC4EB7xgEKYqVtZTNKuoxwRo47KQ4mhtDJC7WLUBBjP3U9qdLy', NULL, '2023-08-25 10:00:50'),
(30, 'Drey Mukuka Member', 'member@gmail.com', NULL, '$2y$10$oRX9bQyRU4MXVVOOxYpUxeKjGVn/MMcQHeP5fTc2IIRMozGP0bYWe', '0854543870', 'Goma', 'avatar.png', 'M', 3, 1, '$2y$10$Pg4XRius5o.3xdYwnIj3ruxzD8RsFhAV0FpjFc4JlS0xazNwACJXu', NULL, '2024-06-10 14:14:14'),
(31, 'Patrick ponyon', 'patrick@gmail.com', NULL, '$2y$10$VgHEh8bNkJtbMAUXbqcPTOJl5V/h9vRo5VQ6bCNi9M3PNaeXI65xa', '0970524665', NULL, 'avatar.png', 'M', 2, 0, '$2y$10$x/dWs6TkdOwzf54QHd8WU..iZmAtTm6IjH8IdTJClydTVKQuZcRGu', NULL, NULL),
(32, 'Jean Pierre', 'jp@gmail.com', NULL, '$2y$10$WXeNotf/EON87BCi9ggBbuRDG21AQsFidRrz9UVkSjQNxv2IzLL7C', '0970524665', NULL, 'avatar.png', 'M', 2, 1, '$2y$10$ZdZYPXiFZEMMQ8A35rYXIu6zZF50RtKdK8W.cuaioKlv3zTL4TmKu', NULL, '2024-06-10 14:01:40');

-- --------------------------------------------------------

--
-- Structure de la table `villes`
--

CREATE TABLE `villes` (
  `id` bigint(20) UNSIGNED NOT NULL,
  `idProvince` int(11) NOT NULL,
  `nomVille` varchar(250) COLLATE utf8mb4_unicode_ci NOT NULL,
  `created_at` timestamp NULL DEFAULT NULL,
  `updated_at` timestamp NULL DEFAULT NULL
) ENGINE=InnoDB DEFAULT CHARSET=utf8mb4 COLLATE=utf8mb4_unicode_ci;

--
-- Déchargement des données de la table `villes`
--

INSERT INTO `villes` (`id`, `idProvince`, `nomVille`, `created_at`, `updated_at`) VALUES
(1, 1, 'Goma', '2023-09-04 11:23:48', '2023-09-04 11:23:48'),
(2, 2, 'Kindu', '2023-09-04 11:24:02', '2023-09-04 11:27:17'),
(4, 5, 'Bukavu', '2024-01-13 01:41:31', '2024-01-13 01:41:31'),
(5, 5, 'Butembo', '2024-01-13 01:49:02', '2024-01-13 01:49:02');

--
-- Index pour les tables déchargées
--

--
-- Index pour la table `anne_scollaires`
--
ALTER TABLE `anne_scollaires`
  ADD PRIMARY KEY (`id`);

--
-- Index pour la table `attribution_cours`
--
ALTER TABLE `attribution_cours`
  ADD PRIMARY KEY (`id`),
  ADD KEY `attribution_cours_idcours_foreign` (`idCours`),
  ADD KEY `attribution_cours_idenseignant_foreign` (`idEnseignant`),
  ADD KEY `attribution_cours_idperiode_foreign` (`idPeriode`),
  ADD KEY `attribution_cours_idanne_foreign` (`idAnne`),
  ADD KEY `attribution_cours_idoption_foreign` (`idOption`),
  ADD KEY `attribution_cours_idclasse_foreign` (`idClasse`);

--
-- Index pour la table `avenues`
--
ALTER TABLE `avenues`
  ADD PRIMARY KEY (`id`);

--
-- Index pour la table `cat_cours`
--
ALTER TABLE `cat_cours`
  ADD PRIMARY KEY (`id`);

--
-- Index pour la table `classes`
--
ALTER TABLE `classes`
  ADD PRIMARY KEY (`id`);

--
-- Index pour la table `clautures`
--
ALTER TABLE `clautures`
  ADD PRIMARY KEY (`id`),
  ADD KEY `clautures_idanne_foreign` (`idAnne`),
  ADD KEY `clautures_idoption_foreign` (`idOption`),
  ADD KEY `clautures_idsection_foreign` (`idSection`),
  ADD KEY `clautures_idclasse_foreign` (`idClasse`);

--
-- Index pour la table `communes`
--
ALTER TABLE `communes`
  ADD PRIMARY KEY (`id`);

--
-- Index pour la table `cotations`
--
ALTER TABLE `cotations`
  ADD PRIMARY KEY (`id`),
  ADD KEY `cotations_idinscription_foreign` (`idInscription`),
  ADD KEY `cotations_idcours_foreign` (`idCours`),
  ADD KEY `cotations_idperiode_foreign` (`idPeriode`);

--
-- Index pour la table `cours`
--
ALTER TABLE `cours`
  ADD PRIMARY KEY (`id`),
  ADD KEY `cours_idcatcours_foreign` (`idCatCours`);

--
-- Index pour la table `divisions`
--
ALTER TABLE `divisions`
  ADD PRIMARY KEY (`id`);

--
-- Index pour la table `eleves`
--
ALTER TABLE `eleves`
  ADD PRIMARY KEY (`id`),
  ADD KEY `eleves_idavenue_foreign` (`idAvenue`);

--
-- Index pour la table `enseignants`
--
ALTER TABLE `enseignants`
  ADD PRIMARY KEY (`id`),
  ADD KEY `enseignants_idavenue_foreign` (`idAvenue`);

--
-- Index pour la table `failed_jobs`
--
ALTER TABLE `failed_jobs`
  ADD PRIMARY KEY (`id`);

--
-- Index pour la table `inscriptions`
--
ALTER TABLE `inscriptions`
  ADD PRIMARY KEY (`id`),
  ADD KEY `inscriptions_ideleve_foreign` (`idEleve`),
  ADD KEY `inscriptions_idanne_foreign` (`idAnne`),
  ADD KEY `inscriptions_idoption_foreign` (`idOption`),
  ADD KEY `inscriptions_idclasse_foreign` (`idClasse`),
  ADD KEY `inscriptions_iddivision_foreign` (`idDivision`);

--
-- Index pour la table `migrations`
--
ALTER TABLE `migrations`
  ADD PRIMARY KEY (`id`);

--
-- Index pour la table `mois_scolaires`
--
ALTER TABLE `mois_scolaires`
  ADD PRIMARY KEY (`id`);

--
-- Index pour la table `options`
--
ALTER TABLE `options`
  ADD PRIMARY KEY (`id`),
  ADD KEY `options_idsection_foreign` (`idSection`);

--
-- Index pour la table `paiements`
--
ALTER TABLE `paiements`
  ADD PRIMARY KEY (`id`),
  ADD KEY `paiements_idtranche_foreign` (`idTranche`),
  ADD KEY `paiements_idfrais_foreign` (`idFrais`),
  ADD KEY `paiements_idinscription_foreign` (`idInscription`),
  ADD KEY `paiements_iduser_foreign` (`idUser`),
  ADD KEY `paiements_refbanque_foreign` (`refBanque`);

--
-- Index pour la table `pays`
--
ALTER TABLE `pays`
  ADD PRIMARY KEY (`id`);

--
-- Index pour la table `periodes`
--
ALTER TABLE `periodes`
  ADD PRIMARY KEY (`id`);

--
-- Index pour la table `presences`
--
ALTER TABLE `presences`
  ADD PRIMARY KEY (`id`),
  ADD KEY `presences_idinscription_foreign` (`idInscription`);

--
-- Index pour la table `previsions`
--
ALTER TABLE `previsions`
  ADD PRIMARY KEY (`id`),
  ADD KEY `previsions_idtranche_foreign` (`idTranche`),
  ADD KEY `previsions_idfrais_foreign` (`idFrais`),
  ADD KEY `previsions_idclasse_foreign` (`idClasse`),
  ADD KEY `previsions_idanne_foreign` (`idAnne`),
  ADD KEY `previsions_idoption_foreign` (`idOption`);

--
-- Index pour la table `provinces`
--
ALTER TABLE `provinces`
  ADD PRIMARY KEY (`id`);

--
-- Index pour la table `quartiers`
--
ALTER TABLE `quartiers`
  ADD PRIMARY KEY (`id`);

--
-- Index pour la table `roles`
--
ALTER TABLE `roles`
  ADD PRIMARY KEY (`id`);

--
-- Index pour la table `sections`
--
ALTER TABLE `sections`
  ADD PRIMARY KEY (`id`);

--
-- Index pour la table `sites`
--
ALTER TABLE `sites`
  ADD PRIMARY KEY (`id`);

--
-- Index pour la table `tannexe_depense`
--
ALTER TABLE `tannexe_depense`
  ADD PRIMARY KEY (`id`),
  ADD KEY `tannexe_depense_refdepense_foreign` (`refDepense`);

--
-- Index pour la table `tcompte`
--
ALTER TABLE `tcompte`
  ADD PRIMARY KEY (`id`),
  ADD KEY `tcompte_refmvt_foreign` (`refMvt`),
  ADD KEY `tcompte_refsscompte_foreign` (`refSscompte`);

--
-- Index pour la table `tconf_banque`
--
ALTER TABLE `tconf_banque`
  ADD PRIMARY KEY (`id`),
  ADD KEY `tconf_banque_refsscompte_foreign` (`refSscompte`);

--
-- Index pour la table `tconf_modepaiement`
--
ALTER TABLE `tconf_modepaiement`
  ADD PRIMARY KEY (`id`);

--
-- Index pour la table `tdepense`
--
ALTER TABLE `tdepense`
  ADD PRIMARY KEY (`id`);

--
-- Index pour la table `tfin_classe`
--
ALTER TABLE `tfin_classe`
  ADD PRIMARY KEY (`id`);

--
-- Index pour la table `tfin_cloture_caisse`
--
ALTER TABLE `tfin_cloture_caisse`
  ADD PRIMARY KEY (`id`),
  ADD KEY `tfin_cloture_caisse_refsscompte_foreign` (`refSscompte`);

--
-- Index pour la table `tfin_cloture_comptabilite`
--
ALTER TABLE `tfin_cloture_comptabilite`
  ADD PRIMARY KEY (`id`);

--
-- Index pour la table `tfin_compte`
--
ALTER TABLE `tfin_compte`
  ADD PRIMARY KEY (`id`),
  ADD KEY `tfin_compte_refclasse_foreign` (`refClasse`),
  ADD KEY `tfin_compte_reftypecompte_foreign` (`refTypecompte`),
  ADD KEY `tfin_compte_refposition_foreign` (`refPosition`);

--
-- Index pour la table `tfin_detail_operationcompte`
--
ALTER TABLE `tfin_detail_operationcompte`
  ADD PRIMARY KEY (`id`),
  ADD KEY `tfin_detail_operationcompte_refenteteoperation_foreign` (`refEnteteOperation`),
  ADD KEY `tfin_detail_operationcompte_refsscompte_foreign` (`refSscompte`);

--
-- Index pour la table `tfin_entete_operationcompte`
--
ALTER TABLE `tfin_entete_operationcompte`
  ADD PRIMARY KEY (`id`),
  ADD KEY `tfin_entete_operationcompte_reftresorerie_foreign` (`refTresorerie`);

--
-- Index pour la table `tfin_souscompte`
--
ALTER TABLE `tfin_souscompte`
  ADD PRIMARY KEY (`id`),
  ADD KEY `tfin_souscompte_refcompte_foreign` (`refCompte`);

--
-- Index pour la table `tfin_ssouscompte`
--
ALTER TABLE `tfin_ssouscompte`
  ADD PRIMARY KEY (`id`),
  ADD KEY `tfin_ssouscompte_refsouscompte_foreign` (`refSousCompte`);

--
-- Index pour la table `tfin_typecompte`
--
ALTER TABLE `tfin_typecompte`
  ADD PRIMARY KEY (`id`);

--
-- Index pour la table `tfin_typeoperation`
--
ALTER TABLE `tfin_typeoperation`
  ADD PRIMARY KEY (`id`);

--
-- Index pour la table `tfin_typeposition`
--
ALTER TABLE `tfin_typeposition`
  ADD PRIMARY KEY (`id`);

--
-- Index pour la table `tranches`
--
ALTER TABLE `tranches`
  ADD PRIMARY KEY (`id`);

--
-- Index pour la table `ttreso_entete_angagement`
--
ALTER TABLE `ttreso_entete_angagement`
  ADD PRIMARY KEY (`id`),
  ADD KEY `ttreso_entete_angagement_refprovenance_foreign` (`refProvenance`),
  ADD KEY `ttreso_entete_angagement_refbloc_foreign` (`refBloc`);

--
-- Index pour la table `ttypemouvement`
--
ALTER TABLE `ttypemouvement`
  ADD PRIMARY KEY (`id`);

--
-- Index pour la table `tt_treso_bloc`
--
ALTER TABLE `tt_treso_bloc`
  ADD PRIMARY KEY (`id`);

--
-- Index pour la table `tt_treso_categorie_rubrique`
--
ALTER TABLE `tt_treso_categorie_rubrique`
  ADD PRIMARY KEY (`id`);

--
-- Index pour la table `tt_treso_detail_angagement`
--
ALTER TABLE `tt_treso_detail_angagement`
  ADD PRIMARY KEY (`id`),
  ADD KEY `tt_treso_detail_angagement_refentete_foreign` (`refEntete`),
  ADD KEY `tt_treso_detail_angagement_refrubrique_foreign` (`refRubrique`);

--
-- Index pour la table `tt_treso_detail_etatbesoin`
--
ALTER TABLE `tt_treso_detail_etatbesoin`
  ADD PRIMARY KEY (`id`),
  ADD KEY `tt_treso_detail_etatbesoin_refentete_foreign` (`refEntete`),
  ADD KEY `tt_treso_detail_etatbesoin_refrubrique_foreign` (`refRubrique`);

--
-- Index pour la table `tt_treso_entete_etatbesoin`
--
ALTER TABLE `tt_treso_entete_etatbesoin`
  ADD PRIMARY KEY (`id`),
  ADD KEY `tt_treso_entete_etatbesoin_refprovenance_foreign` (`refProvenance`);

--
-- Index pour la table `tt_treso_provenance`
--
ALTER TABLE `tt_treso_provenance`
  ADD PRIMARY KEY (`id`);

--
-- Index pour la table `tt_treso_rubrique`
--
ALTER TABLE `tt_treso_rubrique`
  ADD PRIMARY KEY (`id`),
  ADD KEY `tt_treso_rubrique_refcaterubrik_foreign` (`refcateRubrik`);

--
-- Index pour la table `tvente_categorie_produit`
--
ALTER TABLE `tvente_categorie_produit`
  ADD PRIMARY KEY (`id`);

--
-- Index pour la table `tvente_detail_entree`
--
ALTER TABLE `tvente_detail_entree`
  ADD PRIMARY KEY (`id`),
  ADD KEY `tvente_detail_entree_refenteteentree_foreign` (`refEnteteEntree`),
  ADD KEY `tvente_detail_entree_refproduit_foreign` (`refProduit`);

--
-- Index pour la table `tvente_detail_requisition`
--
ALTER TABLE `tvente_detail_requisition`
  ADD PRIMARY KEY (`id`),
  ADD KEY `tvente_detail_requisition_refentetecmd_foreign` (`refEnteteCmd`),
  ADD KEY `tvente_detail_requisition_refproduit_foreign` (`refProduit`);

--
-- Index pour la table `tvente_detail_vente`
--
ALTER TABLE `tvente_detail_vente`
  ADD PRIMARY KEY (`id`),
  ADD KEY `tvente_detail_vente_refentetevente_foreign` (`refEnteteVente`),
  ADD KEY `tvente_detail_vente_refproduit_foreign` (`refProduit`);

--
-- Index pour la table `tvente_entete_entree`
--
ALTER TABLE `tvente_entete_entree`
  ADD PRIMARY KEY (`id`),
  ADD KEY `tvente_entete_entree_reffournisseur_foreign` (`refFournisseur`);

--
-- Index pour la table `tvente_entete_requisition`
--
ALTER TABLE `tvente_entete_requisition`
  ADD PRIMARY KEY (`id`),
  ADD KEY `tvente_entete_requisition_reffournisseur_foreign` (`refFournisseur`);

--
-- Index pour la table `tvente_entete_vente`
--
ALTER TABLE `tvente_entete_vente`
  ADD PRIMARY KEY (`id`),
  ADD KEY `tvente_entete_vente_refclient_foreign` (`refClient`);

--
-- Index pour la table `tvente_fournisseur`
--
ALTER TABLE `tvente_fournisseur`
  ADD PRIMARY KEY (`id`);

--
-- Index pour la table `tvente_paiement`
--
ALTER TABLE `tvente_paiement`
  ADD PRIMARY KEY (`id`),
  ADD KEY `tvente_paiement_refentetevente_foreign` (`refEnteteVente`),
  ADD KEY `tvente_paiement_refbanque_foreign` (`refBanque`);

--
-- Index pour la table `tvente_produit`
--
ALTER TABLE `tvente_produit`
  ADD PRIMARY KEY (`id`),
  ADD KEY `tvente_produit_refcategorie_foreign` (`refCategorie`);

--
-- Index pour la table `tvente_taux`
--
ALTER TABLE `tvente_taux`
  ADD PRIMARY KEY (`id`);

--
-- Index pour la table `type_tranches`
--
ALTER TABLE `type_tranches`
  ADD PRIMARY KEY (`id`);

--
-- Index pour la table `users`
--
ALTER TABLE `users`
  ADD PRIMARY KEY (`id`),
  ADD UNIQUE KEY `users_email_unique` (`email`);

--
-- Index pour la table `villes`
--
ALTER TABLE `villes`
  ADD PRIMARY KEY (`id`);

--
-- AUTO_INCREMENT pour les tables déchargées
--

--
-- AUTO_INCREMENT pour la table `anne_scollaires`
--
ALTER TABLE `anne_scollaires`
  MODIFY `id` bigint(20) UNSIGNED NOT NULL AUTO_INCREMENT, AUTO_INCREMENT=4;

--
-- AUTO_INCREMENT pour la table `attribution_cours`
--
ALTER TABLE `attribution_cours`
  MODIFY `id` bigint(20) UNSIGNED NOT NULL AUTO_INCREMENT, AUTO_INCREMENT=41;

--
-- AUTO_INCREMENT pour la table `avenues`
--
ALTER TABLE `avenues`
  MODIFY `id` bigint(20) UNSIGNED NOT NULL AUTO_INCREMENT, AUTO_INCREMENT=44;

--
-- AUTO_INCREMENT pour la table `cat_cours`
--
ALTER TABLE `cat_cours`
  MODIFY `id` bigint(20) UNSIGNED NOT NULL AUTO_INCREMENT, AUTO_INCREMENT=9;

--
-- AUTO_INCREMENT pour la table `classes`
--
ALTER TABLE `classes`
  MODIFY `id` bigint(20) UNSIGNED NOT NULL AUTO_INCREMENT, AUTO_INCREMENT=10;

--
-- AUTO_INCREMENT pour la table `clautures`
--
ALTER TABLE `clautures`
  MODIFY `id` bigint(20) UNSIGNED NOT NULL AUTO_INCREMENT, AUTO_INCREMENT=15;

--
-- AUTO_INCREMENT pour la table `communes`
--
ALTER TABLE `communes`
  MODIFY `id` bigint(20) UNSIGNED NOT NULL AUTO_INCREMENT, AUTO_INCREMENT=5;

--
-- AUTO_INCREMENT pour la table `cotations`
--
ALTER TABLE `cotations`
  MODIFY `id` bigint(20) UNSIGNED NOT NULL AUTO_INCREMENT, AUTO_INCREMENT=177;

--
-- AUTO_INCREMENT pour la table `cours`
--
ALTER TABLE `cours`
  MODIFY `id` bigint(20) UNSIGNED NOT NULL AUTO_INCREMENT, AUTO_INCREMENT=32;

--
-- AUTO_INCREMENT pour la table `divisions`
--
ALTER TABLE `divisions`
  MODIFY `id` bigint(20) UNSIGNED NOT NULL AUTO_INCREMENT, AUTO_INCREMENT=8;

--
-- AUTO_INCREMENT pour la table `eleves`
--
ALTER TABLE `eleves`
  MODIFY `id` bigint(20) UNSIGNED NOT NULL AUTO_INCREMENT, AUTO_INCREMENT=13;

--
-- AUTO_INCREMENT pour la table `enseignants`
--
ALTER TABLE `enseignants`
  MODIFY `id` bigint(20) UNSIGNED NOT NULL AUTO_INCREMENT, AUTO_INCREMENT=5;

--
-- AUTO_INCREMENT pour la table `failed_jobs`
--
ALTER TABLE `failed_jobs`
  MODIFY `id` bigint(20) UNSIGNED NOT NULL AUTO_INCREMENT;

--
-- AUTO_INCREMENT pour la table `inscriptions`
--
ALTER TABLE `inscriptions`
  MODIFY `id` bigint(20) UNSIGNED NOT NULL AUTO_INCREMENT, AUTO_INCREMENT=16;

--
-- AUTO_INCREMENT pour la table `migrations`
--
ALTER TABLE `migrations`
  MODIFY `id` int(10) UNSIGNED NOT NULL AUTO_INCREMENT, AUTO_INCREMENT=76;

--
-- AUTO_INCREMENT pour la table `mois_scolaires`
--
ALTER TABLE `mois_scolaires`
  MODIFY `id` bigint(20) UNSIGNED NOT NULL AUTO_INCREMENT, AUTO_INCREMENT=14;

--
-- AUTO_INCREMENT pour la table `options`
--
ALTER TABLE `options`
  MODIFY `id` bigint(20) UNSIGNED NOT NULL AUTO_INCREMENT, AUTO_INCREMENT=7;

--
-- AUTO_INCREMENT pour la table `paiements`
--
ALTER TABLE `paiements`
  MODIFY `id` bigint(20) UNSIGNED NOT NULL AUTO_INCREMENT, AUTO_INCREMENT=11;

--
-- AUTO_INCREMENT pour la table `pays`
--
ALTER TABLE `pays`
  MODIFY `id` bigint(20) UNSIGNED NOT NULL AUTO_INCREMENT, AUTO_INCREMENT=9;

--
-- AUTO_INCREMENT pour la table `periodes`
--
ALTER TABLE `periodes`
  MODIFY `id` bigint(20) UNSIGNED NOT NULL AUTO_INCREMENT, AUTO_INCREMENT=8;

--
-- AUTO_INCREMENT pour la table `presences`
--
ALTER TABLE `presences`
  MODIFY `id` bigint(20) UNSIGNED NOT NULL AUTO_INCREMENT, AUTO_INCREMENT=55;

--
-- AUTO_INCREMENT pour la table `previsions`
--
ALTER TABLE `previsions`
  MODIFY `id` bigint(20) UNSIGNED NOT NULL AUTO_INCREMENT, AUTO_INCREMENT=62;

--
-- AUTO_INCREMENT pour la table `provinces`
--
ALTER TABLE `provinces`
  MODIFY `id` bigint(20) UNSIGNED NOT NULL AUTO_INCREMENT, AUTO_INCREMENT=7;

--
-- AUTO_INCREMENT pour la table `quartiers`
--
ALTER TABLE `quartiers`
  MODIFY `id` bigint(20) UNSIGNED NOT NULL AUTO_INCREMENT, AUTO_INCREMENT=29;

--
-- AUTO_INCREMENT pour la table `roles`
--
ALTER TABLE `roles`
  MODIFY `id` bigint(20) UNSIGNED NOT NULL AUTO_INCREMENT, AUTO_INCREMENT=4;

--
-- AUTO_INCREMENT pour la table `sections`
--
ALTER TABLE `sections`
  MODIFY `id` bigint(20) UNSIGNED NOT NULL AUTO_INCREMENT, AUTO_INCREMENT=5;

--
-- AUTO_INCREMENT pour la table `sites`
--
ALTER TABLE `sites`
  MODIFY `id` bigint(20) UNSIGNED NOT NULL AUTO_INCREMENT, AUTO_INCREMENT=2;

--
-- AUTO_INCREMENT pour la table `tannexe_depense`
--
ALTER TABLE `tannexe_depense`
  MODIFY `id` bigint(20) UNSIGNED NOT NULL AUTO_INCREMENT, AUTO_INCREMENT=5;

--
-- AUTO_INCREMENT pour la table `tcompte`
--
ALTER TABLE `tcompte`
  MODIFY `id` bigint(20) UNSIGNED NOT NULL AUTO_INCREMENT, AUTO_INCREMENT=6;

--
-- AUTO_INCREMENT pour la table `tconf_banque`
--
ALTER TABLE `tconf_banque`
  MODIFY `id` bigint(20) UNSIGNED NOT NULL AUTO_INCREMENT, AUTO_INCREMENT=4;

--
-- AUTO_INCREMENT pour la table `tconf_modepaiement`
--
ALTER TABLE `tconf_modepaiement`
  MODIFY `id` bigint(20) UNSIGNED NOT NULL AUTO_INCREMENT, AUTO_INCREMENT=3;

--
-- AUTO_INCREMENT pour la table `tdepense`
--
ALTER TABLE `tdepense`
  MODIFY `id` bigint(20) UNSIGNED NOT NULL AUTO_INCREMENT, AUTO_INCREMENT=45;

--
-- AUTO_INCREMENT pour la table `tfin_classe`
--
ALTER TABLE `tfin_classe`
  MODIFY `id` bigint(20) UNSIGNED NOT NULL AUTO_INCREMENT, AUTO_INCREMENT=4;

--
-- AUTO_INCREMENT pour la table `tfin_cloture_caisse`
--
ALTER TABLE `tfin_cloture_caisse`
  MODIFY `id` bigint(20) UNSIGNED NOT NULL AUTO_INCREMENT, AUTO_INCREMENT=17;

--
-- AUTO_INCREMENT pour la table `tfin_cloture_comptabilite`
--
ALTER TABLE `tfin_cloture_comptabilite`
  MODIFY `id` bigint(20) UNSIGNED NOT NULL AUTO_INCREMENT, AUTO_INCREMENT=20;

--
-- AUTO_INCREMENT pour la table `tfin_compte`
--
ALTER TABLE `tfin_compte`
  MODIFY `id` bigint(20) UNSIGNED NOT NULL AUTO_INCREMENT, AUTO_INCREMENT=5;

--
-- AUTO_INCREMENT pour la table `tfin_detail_operationcompte`
--
ALTER TABLE `tfin_detail_operationcompte`
  MODIFY `id` bigint(20) UNSIGNED NOT NULL AUTO_INCREMENT, AUTO_INCREMENT=75;

--
-- AUTO_INCREMENT pour la table `tfin_entete_operationcompte`
--
ALTER TABLE `tfin_entete_operationcompte`
  MODIFY `id` bigint(20) UNSIGNED NOT NULL AUTO_INCREMENT, AUTO_INCREMENT=38;

--
-- AUTO_INCREMENT pour la table `tfin_souscompte`
--
ALTER TABLE `tfin_souscompte`
  MODIFY `id` bigint(20) UNSIGNED NOT NULL AUTO_INCREMENT, AUTO_INCREMENT=5;

--
-- AUTO_INCREMENT pour la table `tfin_ssouscompte`
--
ALTER TABLE `tfin_ssouscompte`
  MODIFY `id` bigint(20) UNSIGNED NOT NULL AUTO_INCREMENT, AUTO_INCREMENT=6;

--
-- AUTO_INCREMENT pour la table `tfin_typecompte`
--
ALTER TABLE `tfin_typecompte`
  MODIFY `id` bigint(20) UNSIGNED NOT NULL AUTO_INCREMENT, AUTO_INCREMENT=3;

--
-- AUTO_INCREMENT pour la table `tfin_typeoperation`
--
ALTER TABLE `tfin_typeoperation`
  MODIFY `id` bigint(20) UNSIGNED NOT NULL AUTO_INCREMENT, AUTO_INCREMENT=3;

--
-- AUTO_INCREMENT pour la table `tfin_typeposition`
--
ALTER TABLE `tfin_typeposition`
  MODIFY `id` bigint(20) UNSIGNED NOT NULL AUTO_INCREMENT, AUTO_INCREMENT=3;

--
-- AUTO_INCREMENT pour la table `tranches`
--
ALTER TABLE `tranches`
  MODIFY `id` bigint(20) UNSIGNED NOT NULL AUTO_INCREMENT, AUTO_INCREMENT=4;

--
-- AUTO_INCREMENT pour la table `ttreso_entete_angagement`
--
ALTER TABLE `ttreso_entete_angagement`
  MODIFY `id` bigint(20) UNSIGNED NOT NULL AUTO_INCREMENT, AUTO_INCREMENT=4;

--
-- AUTO_INCREMENT pour la table `ttypemouvement`
--
ALTER TABLE `ttypemouvement`
  MODIFY `id` bigint(20) UNSIGNED NOT NULL AUTO_INCREMENT, AUTO_INCREMENT=3;

--
-- AUTO_INCREMENT pour la table `tt_treso_bloc`
--
ALTER TABLE `tt_treso_bloc`
  MODIFY `id` bigint(20) UNSIGNED NOT NULL AUTO_INCREMENT, AUTO_INCREMENT=3;

--
-- AUTO_INCREMENT pour la table `tt_treso_categorie_rubrique`
--
ALTER TABLE `tt_treso_categorie_rubrique`
  MODIFY `id` bigint(20) UNSIGNED NOT NULL AUTO_INCREMENT, AUTO_INCREMENT=3;

--
-- AUTO_INCREMENT pour la table `tt_treso_detail_angagement`
--
ALTER TABLE `tt_treso_detail_angagement`
  MODIFY `id` bigint(20) UNSIGNED NOT NULL AUTO_INCREMENT, AUTO_INCREMENT=3;

--
-- AUTO_INCREMENT pour la table `tt_treso_detail_etatbesoin`
--
ALTER TABLE `tt_treso_detail_etatbesoin`
  MODIFY `id` bigint(20) UNSIGNED NOT NULL AUTO_INCREMENT, AUTO_INCREMENT=3;

--
-- AUTO_INCREMENT pour la table `tt_treso_entete_etatbesoin`
--
ALTER TABLE `tt_treso_entete_etatbesoin`
  MODIFY `id` bigint(20) UNSIGNED NOT NULL AUTO_INCREMENT, AUTO_INCREMENT=2;

--
-- AUTO_INCREMENT pour la table `tt_treso_provenance`
--
ALTER TABLE `tt_treso_provenance`
  MODIFY `id` bigint(20) UNSIGNED NOT NULL AUTO_INCREMENT, AUTO_INCREMENT=3;

--
-- AUTO_INCREMENT pour la table `tt_treso_rubrique`
--
ALTER TABLE `tt_treso_rubrique`
  MODIFY `id` bigint(20) UNSIGNED NOT NULL AUTO_INCREMENT, AUTO_INCREMENT=3;

--
-- AUTO_INCREMENT pour la table `tvente_categorie_produit`
--
ALTER TABLE `tvente_categorie_produit`
  MODIFY `id` bigint(20) UNSIGNED NOT NULL AUTO_INCREMENT, AUTO_INCREMENT=4;

--
-- AUTO_INCREMENT pour la table `tvente_detail_entree`
--
ALTER TABLE `tvente_detail_entree`
  MODIFY `id` bigint(20) UNSIGNED NOT NULL AUTO_INCREMENT, AUTO_INCREMENT=9;

--
-- AUTO_INCREMENT pour la table `tvente_detail_requisition`
--
ALTER TABLE `tvente_detail_requisition`
  MODIFY `id` bigint(20) UNSIGNED NOT NULL AUTO_INCREMENT, AUTO_INCREMENT=10;

--
-- AUTO_INCREMENT pour la table `tvente_detail_vente`
--
ALTER TABLE `tvente_detail_vente`
  MODIFY `id` bigint(20) UNSIGNED NOT NULL AUTO_INCREMENT, AUTO_INCREMENT=16;

--
-- AUTO_INCREMENT pour la table `tvente_entete_entree`
--
ALTER TABLE `tvente_entete_entree`
  MODIFY `id` bigint(20) UNSIGNED NOT NULL AUTO_INCREMENT, AUTO_INCREMENT=7;

--
-- AUTO_INCREMENT pour la table `tvente_entete_requisition`
--
ALTER TABLE `tvente_entete_requisition`
  MODIFY `id` bigint(20) UNSIGNED NOT NULL AUTO_INCREMENT, AUTO_INCREMENT=5;

--
-- AUTO_INCREMENT pour la table `tvente_entete_vente`
--
ALTER TABLE `tvente_entete_vente`
  MODIFY `id` bigint(20) UNSIGNED NOT NULL AUTO_INCREMENT, AUTO_INCREMENT=9;

--
-- AUTO_INCREMENT pour la table `tvente_fournisseur`
--
ALTER TABLE `tvente_fournisseur`
  MODIFY `id` bigint(20) UNSIGNED NOT NULL AUTO_INCREMENT, AUTO_INCREMENT=2;

--
-- AUTO_INCREMENT pour la table `tvente_paiement`
--
ALTER TABLE `tvente_paiement`
  MODIFY `id` bigint(20) UNSIGNED NOT NULL AUTO_INCREMENT, AUTO_INCREMENT=12;

--
-- AUTO_INCREMENT pour la table `tvente_produit`
--
ALTER TABLE `tvente_produit`
  MODIFY `id` bigint(20) UNSIGNED NOT NULL AUTO_INCREMENT, AUTO_INCREMENT=4;

--
-- AUTO_INCREMENT pour la table `tvente_taux`
--
ALTER TABLE `tvente_taux`
  MODIFY `id` bigint(20) UNSIGNED NOT NULL AUTO_INCREMENT, AUTO_INCREMENT=2;

--
-- AUTO_INCREMENT pour la table `type_tranches`
--
ALTER TABLE `type_tranches`
  MODIFY `id` bigint(20) UNSIGNED NOT NULL AUTO_INCREMENT, AUTO_INCREMENT=7;

--
-- AUTO_INCREMENT pour la table `users`
--
ALTER TABLE `users`
  MODIFY `id` bigint(20) UNSIGNED NOT NULL AUTO_INCREMENT, AUTO_INCREMENT=33;

--
-- AUTO_INCREMENT pour la table `villes`
--
ALTER TABLE `villes`
  MODIFY `id` bigint(20) UNSIGNED NOT NULL AUTO_INCREMENT, AUTO_INCREMENT=7;

--
-- Contraintes pour les tables déchargées
--

--
-- Contraintes pour la table `attribution_cours`
--
ALTER TABLE `attribution_cours`
  ADD CONSTRAINT `attribution_cours_idanne_foreign` FOREIGN KEY (`idAnne`) REFERENCES `anne_scollaires` (`id`),
  ADD CONSTRAINT `attribution_cours_idclasse_foreign` FOREIGN KEY (`idClasse`) REFERENCES `classes` (`id`),
  ADD CONSTRAINT `attribution_cours_idcours_foreign` FOREIGN KEY (`idCours`) REFERENCES `cours` (`id`),
  ADD CONSTRAINT `attribution_cours_idenseignant_foreign` FOREIGN KEY (`idEnseignant`) REFERENCES `enseignants` (`id`),
  ADD CONSTRAINT `attribution_cours_idoption_foreign` FOREIGN KEY (`idOption`) REFERENCES `options` (`id`),
  ADD CONSTRAINT `attribution_cours_idperiode_foreign` FOREIGN KEY (`idPeriode`) REFERENCES `periodes` (`id`);

--
-- Contraintes pour la table `clautures`
--
ALTER TABLE `clautures`
  ADD CONSTRAINT `clautures_idanne_foreign` FOREIGN KEY (`idAnne`) REFERENCES `anne_scollaires` (`id`),
  ADD CONSTRAINT `clautures_idclasse_foreign` FOREIGN KEY (`idClasse`) REFERENCES `classes` (`id`),
  ADD CONSTRAINT `clautures_idoption_foreign` FOREIGN KEY (`idOption`) REFERENCES `options` (`id`),
  ADD CONSTRAINT `clautures_idsection_foreign` FOREIGN KEY (`idSection`) REFERENCES `sections` (`id`);

--
-- Contraintes pour la table `cotations`
--
ALTER TABLE `cotations`
  ADD CONSTRAINT `cotations_idcours_foreign` FOREIGN KEY (`idCours`) REFERENCES `cours` (`id`),
  ADD CONSTRAINT `cotations_idinscription_foreign` FOREIGN KEY (`idInscription`) REFERENCES `inscriptions` (`id`),
  ADD CONSTRAINT `cotations_idperiode_foreign` FOREIGN KEY (`idPeriode`) REFERENCES `periodes` (`id`);

--
-- Contraintes pour la table `cours`
--
ALTER TABLE `cours`
  ADD CONSTRAINT `cours_idcatcours_foreign` FOREIGN KEY (`idCatCours`) REFERENCES `cat_cours` (`id`);

--
-- Contraintes pour la table `eleves`
--
ALTER TABLE `eleves`
  ADD CONSTRAINT `eleves_idavenue_foreign` FOREIGN KEY (`idAvenue`) REFERENCES `avenues` (`id`);

--
-- Contraintes pour la table `enseignants`
--
ALTER TABLE `enseignants`
  ADD CONSTRAINT `enseignants_idavenue_foreign` FOREIGN KEY (`idAvenue`) REFERENCES `avenues` (`id`);

--
-- Contraintes pour la table `inscriptions`
--
ALTER TABLE `inscriptions`
  ADD CONSTRAINT `inscriptions_idanne_foreign` FOREIGN KEY (`idAnne`) REFERENCES `anne_scollaires` (`id`),
  ADD CONSTRAINT `inscriptions_idclasse_foreign` FOREIGN KEY (`idClasse`) REFERENCES `classes` (`id`),
  ADD CONSTRAINT `inscriptions_iddivision_foreign` FOREIGN KEY (`idDivision`) REFERENCES `divisions` (`id`),
  ADD CONSTRAINT `inscriptions_ideleve_foreign` FOREIGN KEY (`idEleve`) REFERENCES `eleves` (`id`),
  ADD CONSTRAINT `inscriptions_idoption_foreign` FOREIGN KEY (`idOption`) REFERENCES `options` (`id`);

--
-- Contraintes pour la table `options`
--
ALTER TABLE `options`
  ADD CONSTRAINT `options_idsection_foreign` FOREIGN KEY (`idSection`) REFERENCES `sections` (`id`);

--
-- Contraintes pour la table `presences`
--
ALTER TABLE `presences`
  ADD CONSTRAINT `presences_idinscription_foreign` FOREIGN KEY (`idInscription`) REFERENCES `inscriptions` (`id`);

--
-- Contraintes pour la table `previsions`
--
ALTER TABLE `previsions`
  ADD CONSTRAINT `previsions_idanne_foreign` FOREIGN KEY (`idAnne`) REFERENCES `anne_scollaires` (`id`),
  ADD CONSTRAINT `previsions_idclasse_foreign` FOREIGN KEY (`idClasse`) REFERENCES `classes` (`id`),
  ADD CONSTRAINT `previsions_idfrais_foreign` FOREIGN KEY (`idFrais`) REFERENCES `type_tranches` (`id`),
  ADD CONSTRAINT `previsions_idoption_foreign` FOREIGN KEY (`idOption`) REFERENCES `options` (`id`),
  ADD CONSTRAINT `previsions_idtranche_foreign` FOREIGN KEY (`idTranche`) REFERENCES `tranches` (`id`);
COMMIT;

/*!40101 SET CHARACTER_SET_CLIENT=@OLD_CHARACTER_SET_CLIENT */;
/*!40101 SET CHARACTER_SET_RESULTS=@OLD_CHARACTER_SET_RESULTS */;
/*!40101 SET COLLATION_CONNECTION=@OLD_COLLATION_CONNECTION */;
